[
  {
    "gid": "100907",
    "title": "三合一冲锋衣",
    "describe": "防水防风，耐磨抗撕裂，内胆可拆卸",
    "url": "https://shop.io.mi-img.com/app/shop/img?id=shop_419b5741b4c1b0e6544f70e716b47733.jpeg",
    "link": "/detail?gid=100907",
    "price": 299,
    "mark": false,
    "isSelected": true,
    "delState": false,
    "minfreight": 0,
    "from": "小吉科技"
  },
  {
    "gid": "100656",
    "title": "运动休闲羽绒服",
    "describe": "保温蓄热，防风防寒，无缝工艺",
    "url": "https://shop.io.mi-img.com/app/shop/img?id=shop_ee72efd8e6566d332e45a8893cfc7dff.jpeg",
    "link": "/detail?gid=100656",
    "price": 149,
    "mark": false,
    "isSelected": true,
    "delState": false,
    "minfreight": 0,
    "from": "小吉科技"
  },
  {
    "gid": "100744",
    "title": "双面穿羽绒服男款",
    "describe": "90%鹅绒，防水防风",
    "url": "https://shop.io.mi-img.com/app/shop/img?id=shop_ed6b8b259ff03aa9d89f21fa5259230f.jpeg",
    "link": "/detail?gid=100744",
    "price": 299,
    "mark": true,
    "isSelected": true,
    "delState": false,
    "minfreight": 0,
    "from": "小吉科技"
  },
  {
    "gid": "100663",
    "title": "轻便可收纳羽绒马甲",
    "describe": "90%白鸭绒，可变U型枕",
    "url": "https://shop.io.mi-img.com/app/shop/img?id=shop_f62f481467b83240c9402b0a70361685.jpeg",
    "link": "/detail?gid=100663",
    "price": 179,
    "mark": false,
    "isSelected": true,
    "delState": false,
    "minfreight": 0,
    "from": "广东小厨科技有限公司"
  },
  {
    "gid": "100977",
    "title": "金洋河浓香型白酒",
    "describe": "甄选名酒，古法传承  多粮酿造，甜绵软净香",
    "url": "https://shop.io.mi-img.com/app/shop/img?id=shop_b318b70e698d2d7090b17e494a4a69d4.jpeg",
    "link": "/detail?gid=100977",
    "price": 248,
    "mark": false,
    "isSelected": true,
    "delState": false,
    "minfreight": 0,
    "from": "小吉科技"
  },
  {
    "gid": "100978",
    "title": "新派健康茶-1号黑茶（200g）",
    "describe": "洁净免洗，营养丰富，科学重塑",
    "url": "https://shop.io.mi-img.com/app/shop/img?id=shop_8fbf3bfe4c41a915fcb2bb18831d9038.jpeg",
    "link": "/detail?gid=100978",
    "price": 349,
    "mark": true,
    "isSelected": true,
    "delState": false,
    "minfreight": 0,
    "from": "有品配送"
  },
  {
    "gid": "100973",
    "title": "有品定制·年味礼盒",
    "describe": "坚果牛肉，营养红枣，海味组合，香酥脆虾",
    "url": "https://shop.io.mi-img.com/app/shop/img?id=shop_6758b16d991a70b16f27d04410a480d1.jpeg",
    "link": "/detail?gid=100973",
    "price": 299,
    "mark": false,
    "isSelected": true,
    "delState": false,
    "minfreight": 0,
    "from": "广东小厨科技有限公司"
  },
  {
    "gid": "100305",
    "title": "菌菇礼盒",
    "describe": "有机种植、臻品菌菇、送礼佳品",
    "url": "https://shop.io.mi-img.com/app/shop/img?id=shop_02d17e00d10eaeaed32442c6ca5cb316.jpeg",
    "link": "/detail?gid=100305",
    "price": 191,
    "mark": false,
    "isSelected": true,
    "delState": false,
    "minfreight": 0,
    "from": "广东小厨科技有限公司"
  },
  {
    "gid": "100954",
    "title": "米兔智能故事机mini",
    "describe": "精选故事，安全材质  纯正音质，安心哄睡",
    "url": "https://shop.io.mi-img.com/app/shop/img?id=shop_bc3e60bf2994186a84f37f6f368f2fea.jpeg",
    "link": "/detail?gid=100954",
    "price": 149,
    "mark": false,
    "isSelected": true,
    "delState": false,
    "minfreight": 0,
    "from": "有品配送"
  },
  {
    "gid": "668",
    "title": "故事机儿童套装",
    "describe": "海量好故事，微信远程互动",
    "url": "https://static.home.mi.com/app/shop/img?id=shop_fc5f5d0a64323978f77119fc556fefa7.jpeg",
    "link": "/detail?gid=668",
    "price": 249,
    "mark": false,
    "isSelected": true,
    "delState": false,
    "minfreight": 0,
    "from": "广东小厨科技有限公司"
  },
  {
    "gid": "254",
    "title": "米兔智能故事机",
    "describe": "海量好故事，微信远程互动",
    "url": "https://static.home.mi.com/app/shop/img?id=shop_c71c34944c21b3ca3d5183e0c7390051.png",
    "link": "/detail?gid=254",
    "price": 199,
    "mark": true,
    "isSelected": true,
    "delState": false,
    "minfreight": 0,
    "from": "有品配送"
  },
  {
    "gid": "100956",
    "title": "米兔 Hape 70粒益智积木",
    "describe": "欧洲榉木，环保水性漆，启智专属，无限拼搭",
    "url": "https://shop.io.mi-img.com/app/shop/img?id=shop_b20c04fcc49192ae4e1497370d3e79e7.jpeg",
    "link": "/detail?gid=100956",
    "price": 99,
    "mark": false,
    "isSelected": true,
    "delState": false,
    "minfreight": 0,
    "from": "广东小厨科技有限公司"
  },
  {
    "gid": "137",
    "title": "8H天然乳胶床垫M1",
    "describe": "天然乳胶，0胶水环保材质，医用级物理防螨",
    "url": "https://static.home.mi.com/app/shop/img?id=shop_cfc0d6cfed8d56c05a419390955f8ca9.jpeg",
    "link": "/detail?gid=137",
    "price": 569,
    "mark": false,
    "isSelected": true,
    "delState": false,
    "minfreight": 0,
    "from": "有品配送"
  },
  {
    "gid": "100972",
    "title": "8H弹簧床垫被枕 轻暖套装",
    "describe": "乳胶弹簧床垫，3D七孔保暖被，护颈乳胶枕（一对）",
    "url": "https://shop.io.mi-img.com/app/shop/img?id=shop_c8efbdb5064032d6371c48b9e28ed454.jpeg",
    "link": "/detail?gid=100972",
    "price": 2266,
    "mark": true,
    "isSelected": true,
    "delState": false,
    "minfreight": 0,
    "from": "广东小厨科技有限公司"
  },
  {
    "gid": "435",
    "title": "Yeelight智能LED吸顶灯",
    "describe": "5分钟快装，智能自然光",
    "url": "https://static.home.mi.com/app/shop/img?id=shop_5a93d8881f238a36563336d0bb1bee03.jpeg",
    "link": "/detail?gid=435",
    "price": 349,
    "mark": false,
    "isSelected": true,
    "delState": false,
    "minfreight": 0,
    "from": "有品配送"
  },
  {
    "gid": "688",
    "title": "独立袋装弹簧布艺沙发",
    "describe": "万元级配置，0螺丝组装",
    "url": "https://static.home.mi.com/app/shop/img?id=shop_22815c6fda223c509e97bc8f4a3bd7e2.jpeg",
    "link": "/detail?gid=688",
    "price": 1119,
    "mark": false,
    "isSelected": true,
    "delState": false,
    "minfreight": 0,
    "from": "广东小厨科技有限公司"
  },
  {
    "gid": "100945",
    "title": "秒秒测温湿度计",
    "describe": "电子墨水屏、测量精准、灵活摆放",
    "url": "https://shop.io.mi-img.com/app/shop/img?id=shop_733e67bcf029d9464329c2df3e2ad33c.jpeg",
    "link": "/detail?gid=100945",
    "price": 59,
    "mark": false,
    "isSelected": true,
    "delState": false,
    "minfreight": 0,
    "from": "有品配送"
  },
  {
    "gid": "840",
    "title": "云麦好轻mini2智能体脂秤",
    "describe": "十项数据 精准交流测脂 ",
    "url": "https://static.home.mi.com/app/shop/img?id=shop_5a3936a4229eb637b317e6759782df70.jpeg",
    "link": "/detail?gid=840",
    "price": 89,
    "mark": true,
    "isSelected": true,
    "delState": false,
    "minfreight": 0,
    "from": "广东小厨科技有限公司"
  },
  {
    "gid": "173",
    "title": "米家iHealth血压计",
    "describe": "一键测量，爸妈上手就会用",
    "url": "https://static.home.mi.com/app/shop/img?id=shop_925322c40603bf0001efafcd84206e4e.jpeg",
    "link": "/detail?gid=173",
    "price": 399,
    "mark": false,
    "isSelected": true,
    "delState": false,
    "minfreight": 0,
    "from": "有品配送"
  },
  {
    "gid": "711",
    "title": "秒秒测智能体温计",
    "describe": "精准测量，持续监测，高温报警",
    "url": "https://static.home.mi.com/app/shop/img?id=shop_e19dc439b81b996bbe2e98b49856fad9.jpeg",
    "link": "/detail?gid=711",
    "price": 159,
    "mark": false,
    "isSelected": true,
    "delState": false,
    "minfreight": 0,
    "from": "广东小厨科技有限公司"
  },
  {
    "gid": "100622",
    "title": "鹿客智能指纹锁Classic",
    "describe": "",
    "url": "https://shop.io.mi-img.com/app/shop/img?id=shop_dc4955a7f668f79135bf689005746475.png&w=537&h=426,https://shop.io.mi-img.com/app/shop/img?id=shop_1d26c4fec9f7de43e090f5058a6532b2.png&w=540&h=420&t=webp",
    "link": "/detail?gid=100622",
    "price": 1699,
    "isSelected": true,
    "delState": false,
    "minfreight": 0,
    "from": "有品配送"
  },
  {
    "gid": "757",
    "title": "小米5X",
    "describe": "",
    "url": "https://shop.io.mi-img.com/app/shop/img?id=shop_fbac9bcd7a15e60e3d6e864c66a62047.png&w=540&h=420,https://shop.io.mi-img.com/app/shop/img?id=shop_06a052b2c28bc7c80ad4ce96919fb82d.png&w=540&h=420&t=webp",
    "link": "/detail?gid=757",
    "price": 1199,
    "isSelected": true,
    "delState": false,
    "minfreight": 0,
    "from": "广东小厨科技有限公司"
  },
  {
    "gid": "339",
    "title": "米家空气净化器Pro",
    "describe": "澎湃动力，净化能力更快更强",
    "url": "https://shop.io.mi-img.com/app/shop/img?id=shop_d52f9fa59bcd507e9807e4014ab55418.jpeg&w=537&h=852&t=webp",
    "link": "/detail?gid=339",
    "price": 1499,
    "isSelected": true,
    "delState": false,
    "minfreight": 0,
    "from": "有品配送"
  },
  {
    "gid": "266",
    "title": "米家扫地机器人",
    "describe": "",
    "url": "https://shop.io.mi-img.com/app/shop/img?id=shop_68eaff32dfae580e6ca7250ca7fa4a0b.png&w=537&h=426&t=webp",
    "link": "/detail?gid=266",
    "price": 1699,
    "isSelected": true,
    "delState": false,
    "minfreight": 0,
    "from": "广东小厨科技有限公司"
  },
  {
    "gid": "100570",
    "title": "石墨烯发热腰带",
    "describe": "",
    "url": "https://shop.io.mi-img.com/app/shop/img?id=shop_da726d59c27705dedc637fcc169aebdf.png&w=540&h=420&t=webp",
    "link": "/detail?gid=100570",
    "price": 116,
    "isSelected": true,
    "delState": false,
    "minfreight": 0,
    "from": "有品配送"
  },
  {
    "gid": "100982",
    "title": "小米笔记本Air13.3\" 四核",
    "describe": "带独立显卡的轻薄笔记本",
    "url": "https://shop.io.mi-img.com/app/shop/img?id=shop_367ad26b15fec5173de7438076f3c160.jpeg",
    "link": "/detail?gid=100982",
    "price": 5399,
    "mark": false,
    "isSelected": true,
    "delState": false,
    "minfreight": 0,
    "from": "有品配送"
  },
  {
    "gid": "100902",
    "title": "小米笔记本Air  12.5\"  128G",
    "describe": "轻薄便携又不失性能！",
    "url": "https://shop.io.mi-img.com/app/shop/img?id=shop_207804cc738b6d83c775a8a1cc827352.png",
    "link": "/detail?gid=100902",
    "price": 3599,
    "mark": false,
    "isSelected": true,
    "delState": false,
    "minfreight": 0,
    "from": "广东小厨科技有限公司"
  },
  {
    "gid": "100903",
    "title": "小米笔记本Air  12.5\"  256G",
    "describe": "小身材，大容量，超长续航，移动办公利器！",
    "url": "https://shop.io.mi-img.com/app/shop/img?id=shop_207804cc738b6d83c775a8a1cc827352.png",
    "link": "/detail?gid=100903",
    "price": 3999,
    "mark": false,
    "isSelected": true,
    "delState": false,
    "minfreight": 0,
    "from": "有品配送"
  },
  {
    "gid": "100596",
    "title": "小米笔记本Air13.3\" 集显 4G版",
    "describe": "指纹识别，性价比首选！",
    "url": "https://shop.io.mi-img.com/app/shop/img?id=shop_dd55d5c6408c67c10b69e2c1c531afa3.jpeg",
    "link": "/detail?gid=100596",
    "price": 4299,
    "mark": true,
    "isSelected": true,
    "delState": false,
    "minfreight": 0,
    "from": "有品配送"
  },
  {
    "gid": "100732",
    "title": "小米空气净化器2",
    "describe": "净化性能高达310m³/h，手机智能控制，一目了然",
    "url": "https://shop.io.mi-img.com/app/shop/img?id=shop_5af19eaf8991fc71d3613fe26ced1af8.jpeg",
    "link": "/detail?gid=100732",
    "price": 699,
    "mark": false,
    "isSelected": true,
    "delState": false,
    "minfreight": 0,
    "from": "广东小厨科技有限公司"
  },
  {
    "gid": "100606",
    "title": "小米米家空气净化器2S",
    "describe": "经典再升级，好空气看得见",
    "url": "https://shop.io.mi-img.com/app/shop/img?id=shop_707b1cf5569abac017aeab4ea9912a28.jpeg",
    "link": "/detail?gid=100606",
    "price": 899,
    "mark": true,
    "isSelected": true,
    "delState": false,
    "minfreight": 0,
    "from": "有品配送"
  },
  {
    "gid": "339",
    "title": "米家空气净化器Pro",
    "describe": "澎湃动力，净化能力更快更强",
    "url": "https://shop.io.mi-img.com/app/shop/img?id=shop_b0f187eb461c20e0f6130931d67bd30a.jpeg",
    "link": "/detail?gid=339",
    "price": 1499,
    "mark": false,
    "isSelected": true,
    "delState": false,
    "minfreight": 0,
    "from": "有品配送"
  },
  {
    "gid": "152",
    "title": "小米净水器(厨下式)",
    "describe": "隐藏安装，400加仑大流量",
    "url": "https://shop.io.mi-img.com/app/shop/img?id=shop_630d3e97477d420231b882eeaa4a29e6.jpeg",
    "link": "/detail?gid=152",
    "price": 1999,
    "mark": false,
    "isSelected": true,
    "delState": false,
    "minfreight": 0,
    "from": "有品配送"
  },
  {
    "gid": "101004",
    "title": "圈厨多功能家用电火锅",
    "describe": "360°环形加热，1500W大功率，食品级不沾涂层，4L大容量",
    "url": "https://shop.io.mi-img.com/app/shop/img?id=shop_acbd8624ea4eb6bf09ba424ac2a82049.png&w=1080&h=546&t=webp",
    "link": "/detail?gid=101004",
    "price": 239,
    "isSelected": true,
    "delState": false,
    "minfreight": 0,
    "from": "广东小厨科技有限公司"
  },
  {
    "gid": "100994",
    "title": "雪荞·小荞酒 清香型白酒",
    "describe": "古法苦荞酿 雅致荞麦香  好喝回味长  已售3万瓶",
    "url": "https://shop.io.mi-img.com/app/shop/img?id=shop_6c15b15e184bfd4fd604a1052683edef.jpeg&w=540&h=846&t=webp",
    "link": "/detail?gid=100994",
    "price": 19.9,
    "isSelected": true,
    "delState": false,
    "minfreight": 0,
    "from": "有品配送"
  },
  {
    "gid": "100965",
    "title": "须眉电吹风",
    "describe": "",
    "url": "https://shop.io.mi-img.com/app/shop/img?id=shop_68ec22a58c9f08ee4c7dddb62f20662f.png&w=540&h=420&t=webp",
    "link": "/detail?gid=100965",
    "price": 169,
    "isSelected": true,
    "delState": false,
    "minfreight": 0,
    "from": "广东小厨科技有限公司"
  },
  {
    "gid": "100918",
    "title": "不上火的人参茶-人参玉竹 108g",
    "describe": "",
    "url": "https://shop.io.mi-img.com/app/shop/img?id=shop_67950a18a9647fd5d03eb4ec37a861e9.png&w=540&h=420&t=webp",
    "link": "/detail?gid=100918",
    "price": 399,
    "isSelected": true,
    "delState": false,
    "minfreight": 0,
    "from": "有品配送"
  },
  {
    "gid": "100990",
    "title": "ZMI双模智能充电器+充电宝(5200)",
    "describe": "一个设备，多种用途/5000mAh充沛电量 / 多协议快充",
    "url": "https://shop.io.mi-img.com/app/shop/img?id=shop_8dd42598dd4822d6f0d09039e29f82f5.jpeg",
    "link": "/detail?gid=100990",
    "price": 109,
    "mark": false,
    "isSelected": true,
    "delState": false,
    "minfreight": 0,
    "from": "有品配送"
  },
  {
    "gid": "100905",
    "title": "米家二位转换器",
    "describe": "无线转换，让传统墙插变身插线板",
    "url": "https://shop.io.mi-img.com/app/shop/img?id=shop_636dab387532bf813f5c5ff7f6406cda.jpeg",
    "link": "/detail?gid=100905",
    "price": 44.9,
    "mark": true,
    "isSelected": true,
    "delState": false,
    "minfreight": 0,
    "from": "有品配送"
  },
  {
    "gid": "100857",
    "title": "FOXIO 口红充电宝",
    "describe": "玲珑小巧，边充边放",
    "url": "https://shop.io.mi-img.com/app/shop/img?id=shop_f34bf1cde5a36bbfa84351b9685be8aa.jpeg",
    "link": "/detail?gid=100857",
    "price": 119,
    "mark": false,
    "isSelected": true,
    "delState": false,
    "minfreight": 0,
    "from": "有品配送"
  },
  {
    "gid": "100508",
    "title": "早风三合一数据线",
    "describe": "超多设备支持 苹果官方MFi认证",
    "url": "https://shop.io.mi-img.com/app/shop/img?id=shop_43ef0e6cc9cc835febf1d8b3b803177a.jpeg",
    "link": "/detail?gid=100508",
    "price": 55,
    "mark": false,
    "isSelected": true,
    "delState": false,
    "minfreight": 0,
    "from": "有品配送"
  },
  {
    "gid": "100749",
    "title": "红米5 Plus",
    "describe": "限时赠壳膜",
    "url": "https://shop.io.mi-img.com/app/shop/img?id=shop_a37fd8b61f8ad2181404edca13aeff6b.jpeg",
    "link": "/detail?gid=100749",
    "price": 999,
    "mark": false,
    "isSelected": true,
    "delState": false,
    "minfreight": 0,
    "from": "小米/米家自营"
  },
  {
    "gid": "757",
    "title": "小米5X",
    "describe": "5X全系直降100，64G版领券再减100",
    "url": "https://static.home.mi.com/app/shop/img?id=shop_2d4c3be025f6d350ba1b2c3905912f7e.jpeg",
    "link": "/detail?gid=757",
    "price": 1199,
    "mark": true,
    "isSelected": true,
    "delState": false,
    "minfreight": 0,
    "from": "广东小厨科技有限公司"
  },
  {
    "gid" : "100748",
    "title": "红米5",
    "describe": "千元全面屏，4+32G版新品首发",
    "url": "https://shop.io.mi-img.com/app/shop/img?id=shop_3fa3ed5be0efa75d475ccc898a213deb.jpeg",
    "link":"/detail?gid=100748",
    "price": 799,
    "mark":false,
    "isSelected": true,
    "delState": false,
    "minfreight": 0,
    "from": "小米/米家自营"
  },
  {
    "gid": "700",
    "title": "小米6",
    "describe": "年货节手机专场",
    "url": "https://static.home.mi.com/app/shop/img?id=shop_51225f14dca0dc9c584b7d55e49a8348.jpeg",
    "link": "/detail?gid=700",
    "price": 2299,
    "mark": false,
    "isSelected": true,
    "delState": false,
    "minfreight": 0,
    "from": "小米/米家自营"
  },
  {
    "gid": "100995",
    "title": "基础小挂钩 6个装",
    "describe": "美国进口3M胶，可承重3kg",
    "url": "https://shop.io.mi-img.com/app/shop/img?id=shop_eb221ed3eaa4c2c6ed02a88a55c1934c.jpeg",
    "link": "/activity?cid=100995",
    "ratednum": 1000,
    "soldnum": 640,
    "price": 39,
    "oprice": 35,
    "isSelected": true,
    "delState": false,
    "minfreight": 0,
    "from": "小米/米家自营"
  },
  {
    "gid": "542",
    "title": "快开自动伞",
    "describe": "进口伞布，超快开伞",
    "url": "https://static.home.mi.com/app/shop/img?id=shop_c9e28b5c57241f07c55e081925b17385.jpeg",
    "link": "/activity?cid=oed6fd0393b6297e1",
    "ratednum": 2000,
    "soldnum": 640,
    "price": 89,
    "oprice": 169,
    "isSelected": true,
    "delState": false,
    "minfreight": 0,
    "from": "广东小厨科技有限公司"
  },
  {
    "gid": "786",
    "title": "快开自动伞",
    "describe": "进口伞布，超快开伞",
    "url": "https://static.home.mi.com/app/shop/img?id=shop_a18a027653fcdc7899454db202d313de.jpeg",
    "link": "/activity?cid=oed6fd0393b6297e1",
    "ratednum": 1000,
    "soldnum": 800,
    "price": 99,
    "oprice": 109,
    "isSelected": true,
    "delState": false,
    "minfreight": 0,
    "from": "小米/米家自营"
  },
  {
    "gid": "750",
    "title": "自动折叠伞",
    "describe": "一键开合，爱上每个下雨的日子",
    "url": "https://static.home.mi.com/app/shop/img?id=shop_b569e6217e4d4fef98a5f8217653412d.jpeg",
    "link": "/activity?cid=oed6fd0393b6297e1",
    "ratednum": 1000,
    "soldnum": 430,
    "price": 99,
    "oprice": 3499,
    "isSelected": true,
    "delState": false,
    "minfreight": 0,
    "from": "小米/米家自营"
  },
  {
    "gid": "100352",
    "title": "米家车载空气净化器 USB版",
    "describe": "APP智能控制，车内空气质量一目了然",
    "url": "https://shop.io.mi-img.com/app/shop/img?id=shop_c5a9ad679c576139f103ecc0cc48f67b.jpeg",
    "link": "/detail?gid=100352",
    "price": 389,
    "mark": false,
    "isSelected": true,
    "delState": false,
    "minfreight": 0,
    "from": "广东小厨科技有限公司"
  },
  {
    "gid": "716",
    "title": "70迈智能后视镜",
    "describe": "听懂你说话，更聪明的智能后视镜",
    "url": "https://static.home.mi.com/app/shop/img?id=shop_95cbe6ec38fb50c7117ce7a0558fc47f.jpeg",
    "link": "/detail?gid=716",
    "price": 1299,
    "mark": true,
    "isSelected": true,
    "delState": false,
    "minfreight": 0,
    "from": "小米/米家自营"
  },
  {
    "gid": "100885",
    "title": "防霾汽车空调过滤器*2",
    "describe": "高效过滤PM2.5，活性炭吸附甲醛，贴合密闭设计；",
    "url": "https://shop.io.mi-img.com/app/shop/img?id=shop_7a5834f6b617e134566df8f8da326b7c.jpeg",
    "link": "/detail?gid=100885",
    "price": 79,
    "mark": false,
    "isSelected": true,
    "delState": false,
    "minfreight": 0,
    "from": "小米/米家自营"
  },
  {
    "gid": "100717",
    "title": "清蜓车载负离子空气净化器",
    "describe": "静音净化，空气质量看得见",
    "url": "https://shop.io.mi-img.com/app/shop/img?id=shop_05769ca874f9049c9cbea13b6aaa2b24.jpeg",
    "link": "/detail?gid=100717",
    "price": 549,
    "mark": false,
    "isSelected": true,
    "delState": false,
    "minfreight": 0,
    "from": "广东小厨科技有限公司"
  },
  {
    "gid": "100991",
    "title": "Ticwatch 智能手表经典蓝宝石",
    "describe": "经典蓝宝石 气质非凡",
    "url": "https://shop.io.mi-img.com/app/shop/img?id=shop_5fb18ae88a92b69877593537a8d7496d.jpeg",
    "link": "/detail?gid=100991",
    "price": 1489,
    "mark": false,
    "isSelected": true,
    "delState": false,
    "minfreight": 0,
    "from": "小米/米家自营"
  },
  {
    "gid": "100519",
    "title": "小米电视4C 43英寸",
    "describe": "人工智能 超窄边  全高清屏 钢琴烤漆 海量片源",
    "url": "https://shop.io.mi-img.com/app/shop/img?id=shop_5cc55210bad4a097f4a2f502099e4acf.jpeg",
    "link": "/detail?gid=100519",
    "price": 1699,
    "mark": true,
    "isSelected": true,
    "delState": false,
    "minfreight": 0,
    "from": "广东小厨科技有限公司"
  },
  {
    "gid": "540",
    "title": "小米电视4A 49英寸",
    "describe": "1080P全高清屏 4核高性能CPU",
    "url": "https://shop.io.mi-img.com/app/shop/img?id=shop_78a57b0e024e8292b02b073a1cc0e580.jpeg",
    "link": "/detail?gid=504",
    "price": 2099,
    "mark": false,
    "isSelected": true,
    "delState": false,
    "minfreight": 0,
    "from": "小米/米家自营"
  },
  {
    "gid": "100980",
    "title": "小米电视4A 32英寸 体育版",
    "describe": "一台电视包揽,顶级足球赛事,高清液晶屏,1GB+8GB大内存",
    "url": "https://shop.io.mi-img.com/app/shop/img?id=shop_3d74ec82dc566eb38c78fd7072c600ea.jpeg",
    "link": "/detail?gid=100980",
    "price": 999,
    "mark": false,
    "isSelected": true,
    "delState": false,
    "minfreight": 0,
    "from": "小米/米家自营"
  },
  {
    "gid": "890",
    "title": "全天候机能城市背包",
    "describe": "拒水性3-4级，背负升级",
    "url": "https://shop.io.mi-img.com/app/shop/img?id=shop_4b6dfabbc1c80fa33df4189d1b323d26.jpeg",
    "link": "/detail?gid=890",
    "price": 189,
    "mark": true,
    "isSelected": true,
    "delState": false,
    "minfreight": 0,
    "from": "广东小厨科技有限公司"
  },
  {
    "gid": "891",
    "title": "时尚菱格双肩包",
    "describe": "防泼水，背负舒适",
    "url": "https://shop.io.mi-img.com/app/shop/img?id=shop_c8c20e8ad6a0e573679f1669fc68a99b.jpeg",
    "link": "/detail?gid=891",
    "price": 249,
    "mark": false,
    "isSelected": true,
    "delState": false,
    "minfreight": 0,
    "from": "小米/米家自营"
  },
  {
    "gid": "655",
    "title": "90分百搭运动折叠包",
    "describe": "三重背法，轻便可折叠",
    "url": "https://static.home.mi.com/app/shop/img?id=shop_f04e5b9bbd25c7aecb7fa396412192f3.jpeg",
    "link": "/detail?gid=655",
    "price": 49,
    "mark": false,
    "isSelected": true,
    "delState": false,
    "minfreight": 0,
    "from": "小米/米家自营"
  },
  {
    "gid": "759",
    "title": "都市简约双肩背包",
    "describe": "防泼水，背负舒适",
    "url": "https://static.home.mi.com/app/shop/img?id=shop_25c5118ca5d365eecee7d4b69fbfa068.jpeg",
    "link": "/detail?gid=759",
    "price": 169,
    "mark": false,
    "isSelected": true,
    "delState": false,
    "minfreight": 0,
    "from": "小米/米家自营"
  },
  {
    "gid": "100917",
    "title": "声波电动牙刷 青春版",
    "describe": "高频震动，三种清洁模式",
    "url": "https://shop.io.mi-img.com/app/shop/img?id=shop_8ecb4a61f20a3b0a77c971455f5eba93.jpeg",
    "link": "/detail?gid=100917",
    "price": 169,
    "mark": false,
    "isSelected": true,
    "delState": false,
    "minfreight": 0,
    "from": "小米/米家自营"
  },
  {
    "gid": "100901",
    "title": "贝医生牙线 3盒装",
    "describe": "限时满299减100",
    "url": "https://shop.io.mi-img.com/app/shop/img?id=shop_da7a58d2382d2a47fefd333cd889b052.jpeg",
    "link": "/detail?gid=100901",
    "price": 29.9,
    "mark": false,
    "isSelected": true,
    "delState": false,
    "minfreight": 0,
    "from": "小米/米家自营"
  },
  {
    "gid": "100773",
    "title": "0+漱口水 便携装 20条/盒",
    "describe": "不含酒精和色素，长效清新口气",
    "url": "https://shop.io.mi-img.com/app/shop/img?id=shop_e19bd868d6a301c555d700dc67950da6.jpeg",
    "link": "/detail?gid=100773",
    "price": 39.9,
    "mark": false,
    "isSelected": true,
    "delState": false,
    "minfreight": 0,
    "from": "小米/米家自营"
  },
  {
    "gid": "747",
    "title": "Oclean One声波电动牙刷",
    "describe": "私人订制口腔护理方案",
    "url": "https://static.home.mi.com/app/shop/img?id=shop_18c399322826dac94a600d0c450af612.jpeg",
    "link": "/detail?gid=747",
    "price": 369,
    "mark": false,
    "isSelected": true,
    "delState": false,
    "minfreight": 0,
    "from": "小米/米家自营"
  }
]