[
  {
    "gid" : "100992",
    "url": "https://shop.io.mi-img.com/app/shop/img?id=shop_b5ffa91d03e6ecb706eeac42d9d10d3b.jpeg&w=1080&h=450&t=webp",
    "link":"/detail?gid=100992"
  },
  {
    "gid" : "100954",
    "title": "米兔智能故事机mini",
    "describe": "精选故事，安全材质  纯正音质，安心哄睡",
    "url": "https://shop.io.mi-img.com/app/shop/img?id=shop_bc3e60bf2994186a84f37f6f368f2fea.jpeg",
    "link":"/detail?gid=100954",
    "price": 149,
    "mark":false
  },
  {
    "gid" : "668",
    "title": "故事机儿童套装",
    "describe": "海量好故事，微信远程互动",
    "url": "https://static.home.mi.com/app/shop/img?id=shop_fc5f5d0a64323978f77119fc556fefa7.jpeg",
    "link":"/detail?gid=668",
    "price": 249,
    "mark":false
  },
  {
    "gid" : "254",
    "title": "米兔智能故事机",
    "describe": "海量好故事，微信远程互动",
    "url": "https://static.home.mi.com/app/shop/img?id=shop_c71c34944c21b3ca3d5183e0c7390051.png",
    "link":"/detail?gid=254",
    "price": 199,
    "mark":false
  },
  {
    "gid" : "100956",
    "title": "米兔 Hape 70粒益智积木",
    "describe": "欧洲榉木，环保水性漆，启智专属，无限拼搭",
    "url": "https://shop.io.mi-img.com/app/shop/img?id=shop_b20c04fcc49192ae4e1497370d3e79e7.jpeg",
    "link":"/detail?gid=100956",
    "price": 99,
    "mark":false
  },
  {
    "gid" : "100954",
    "title": "米兔智能故事机mini",
    "describe": "精选故事，安全材质  纯正音质，安心哄睡",
    "url": "https://shop.io.mi-img.com/app/shop/img?id=shop_bc3e60bf2994186a84f37f6f368f2fea.jpeg",
    "link":"/detail?gid=100954",
    "price": 149,
    "mark":false
  },
  {
    "gid" : "668",
    "title": "故事机儿童套装",
    "describe": "海量好故事，微信远程互动",
    "url": "https://static.home.mi.com/app/shop/img?id=shop_fc5f5d0a64323978f77119fc556fefa7.jpeg",
    "link":"/detail?gid=668",
    "price": 249,
    "mark":false
  },
  {
    "gid" : "254",
    "title": "米兔智能故事机",
    "describe": "海量好故事，微信远程互动",
    "url": "https://static.home.mi.com/app/shop/img?id=shop_c71c34944c21b3ca3d5183e0c7390051.png",
    "link":"/detail?gid=254",
    "price": 199,
    "mark":false
  },
  {
    "gid" : "100956",
    "title": "米兔 Hape 70粒益智积木",
    "describe": "欧洲榉木，环保水性漆，启智专属，无限拼搭",
    "url": "https://shop.io.mi-img.com/app/shop/img?id=shop_b20c04fcc49192ae4e1497370d3e79e7.jpeg",
    "link":"/detail?gid=100956",
    "price": 99,
    "mark":false
  },
  {
    "gid" : "100954",
    "title": "米兔智能故事机mini",
    "describe": "精选故事，安全材质  纯正音质，安心哄睡",
    "url": "https://shop.io.mi-img.com/app/shop/img?id=shop_bc3e60bf2994186a84f37f6f368f2fea.jpeg",
    "link":"/detail?gid=100954",
    "price": 149,
    "mark":false
  },
  {
    "gid" : "668",
    "title": "故事机儿童套装",
    "describe": "海量好故事，微信远程互动",
    "url": "https://static.home.mi.com/app/shop/img?id=shop_fc5f5d0a64323978f77119fc556fefa7.jpeg",
    "link":"/detail?gid=668",
    "price": 249,
    "mark":false
  },
  {
    "gid" : "254",
    "title": "米兔智能故事机",
    "describe": "海量好故事，微信远程互动",
    "url": "https://static.home.mi.com/app/shop/img?id=shop_c71c34944c21b3ca3d5183e0c7390051.png",
    "link":"/detail?gid=254",
    "price": 199,
    "mark":false
  },
  {
    "gid" : "100956",
    "title": "米兔 Hape 70粒益智积木",
    "describe": "欧洲榉木，环保水性漆，启智专属，无限拼搭",
    "url": "https://shop.io.mi-img.com/app/shop/img?id=shop_b20c04fcc49192ae4e1497370d3e79e7.jpeg",
    "link":"/detail?gid=100956",
    "price": 99,
    "mark":false
  }
]