[
  {
    "gid" : "100932",
    "url": "https://shop.io.mi-img.com/app/shop/img?id=shop_17c49fc4384004dd5e2652afb01b906b.jpeg&w=1080&h=450&t=webp",
    "link":"/detail?gid=100932"
  },
  {
    "gid" : "100945",
    "title": "秒秒测温湿度计",
    "describe": "电子墨水屏、测量精准、灵活摆放",
    "url": "https://shop.io.mi-img.com/app/shop/img?id=shop_733e67bcf029d9464329c2df3e2ad33c.jpeg",
    "link":"/detail?gid=100945",
    "price": 59,
    "mark":false
  },
  {
    "gid" : "840",
    "title": "云麦好轻mini2智能体脂秤",
    "describe": "十项数据 精准交流测脂 ",
    "url": "https://static.home.mi.com/app/shop/img?id=shop_5a3936a4229eb637b317e6759782df70.jpeg",
    "link":"/detail?gid=840",
    "price": 89,
    "mark":true
  },
  {
    "gid" : "173",
    "title": "米家iHealth血压计",
    "describe": "一键测量，爸妈上手就会用",
    "url": "https://static.home.mi.com/app/shop/img?id=shop_925322c40603bf0001efafcd84206e4e.jpeg",
    "link":"/detail?gid=173",
    "price": 399,
    "mark":false
  },
  {
    "gid" : "711",
    "title": "秒秒测智能体温计",
    "describe": "精准测量，持续监测，高温报警",
    "url": "https://static.home.mi.com/app/shop/img?id=shop_e19dc439b81b996bbe2e98b49856fad9.jpeg",
    "link":"/detail?gid=711",
    "price": 159,
    "mark":false
  },
   {
    "gid" : "100945",
    "title": "秒秒测温湿度计",
    "describe": "电子墨水屏、测量精准、灵活摆放",
    "url": "https://shop.io.mi-img.com/app/shop/img?id=shop_733e67bcf029d9464329c2df3e2ad33c.jpeg",
    "link":"/detail?gid=100945",
    "price": 59,
    "mark":false
  },
  {
    "gid" : "840",
    "title": "云麦好轻mini2智能体脂秤",
    "describe": "十项数据 精准交流测脂 ",
    "url": "https://static.home.mi.com/app/shop/img?id=shop_5a3936a4229eb637b317e6759782df70.jpeg",
    "link":"/detail?gid=840",
    "price": 89,
    "mark":true
  },
  {
    "gid" : "173",
    "title": "米家iHealth血压计",
    "describe": "一键测量，爸妈上手就会用",
    "url": "https://static.home.mi.com/app/shop/img?id=shop_925322c40603bf0001efafcd84206e4e.jpeg",
    "link":"/detail?gid=173",
    "price": 399,
    "mark":false
  },
  {
    "gid" : "711",
    "title": "秒秒测智能体温计",
    "describe": "精准测量，持续监测，高温报警",
    "url": "https://static.home.mi.com/app/shop/img?id=shop_e19dc439b81b996bbe2e98b49856fad9.jpeg",
    "link":"/detail?gid=711",
    "price": 159,
    "mark":false
  },
   {
    "gid" : "100945",
    "title": "秒秒测温湿度计",
    "describe": "电子墨水屏、测量精准、灵活摆放",
    "url": "https://shop.io.mi-img.com/app/shop/img?id=shop_733e67bcf029d9464329c2df3e2ad33c.jpeg",
    "link":"/detail?gid=100945",
    "price": 59,
    "mark":false
  },
  {
    "gid" : "840",
    "title": "云麦好轻mini2智能体脂秤",
    "describe": "十项数据 精准交流测脂 ",
    "url": "https://static.home.mi.com/app/shop/img?id=shop_5a3936a4229eb637b317e6759782df70.jpeg",
    "link":"/detail?gid=840",
    "price": 89,
    "mark":true
  },
  {
    "gid" : "173",
    "title": "米家iHealth血压计",
    "describe": "一键测量，爸妈上手就会用",
    "url": "https://static.home.mi.com/app/shop/img?id=shop_925322c40603bf0001efafcd84206e4e.jpeg",
    "link":"/detail?gid=173",
    "price": 399,
    "mark":false
  },
  {
    "gid" : "711",
    "title": "秒秒测智能体温计",
    "describe": "精准测量，持续监测，高温报警",
    "url": "https://static.home.mi.com/app/shop/img?id=shop_e19dc439b81b996bbe2e98b49856fad9.jpeg",
    "link":"/detail?gid=711",
    "price": 159,
    "mark":false
  }
]