[
  {
    "gid":"",
    "title":"酒水",
    "url":"https://shop.io.mi-img.com/app/shop/img?id=shop_e165046a3a863f48be58a21ddcb33976.jpeg&w=480&h=480",
    "link":""
  },
  {
    "gid":"",
    "title":"休闲小食",
    "url":"https://shop.io.mi-img.com/app/shop/img?id=shop_1b62c2bbb473f47004140e88dc3c18e6.jpeg&w=480&h=480",
    "link":""
  },
  {
    "gid":"",
    "title":"冲饮/茗茶",
    "url":"https://shop.io.mi-img.com/app/shop/img?id=shop_cd307139f878a9f75dbd26487288fb62.jpeg&w=480&h=480",
    "link":""
  },
  {
    "gid":"",
    "title":"杂粮/食材",
    "url":"https://shop.io.mi-img.com/app/shop/img?id=shop_08099e99da71d0b84a771b33d005d6da.jpeg&w=480&h=480",
    "link":""
  },
  {
    "gid":"",
    "title":"功能厨具",
    "url":"https://shop.io.mi-img.com/app/shop/img?id=shop_32dd2d382b0499d56f8a6430b8a4457b.jpeg&w=480&h=480",
    "link":""
  }
]