[
  {
    "gid":"",
    "title":"电竞",
    "url":"https://shop.io.mi-img.com/app/shop/img?id=shop_fce6ee5b6c04fb2622d599fef0fcd468.jpeg&w=600&h=600",
    "link":""
  },
  {
    "gid":"",
    "title":"电源/电池",
    "url":"http://static.home.mi.com/app/shop/img?id=shop_979cfdddcc227de1de87737d5fc0406f.png&w=600&h=600",
    "link":""
  },
  {
    "gid":"",
    "title":"手机周边",
    "url":"https://shop.io.mi-img.com/app/shop/img?id=shop_5e436190f9ca94bc834da737880fbd04.jpeg&w=480&h=480",
    "link":""
  },
  {
    "gid":"",
    "title":"办公周边",
    "url":"https://shop.io.mi-img.com/app/shop/img?id=shop_1ac866bc6108edcc82ae7ecb52adbf73.jpeg&w=480&h=480",
    "link":""
  },
  {
    "gid":"",
    "title":"耳机",
    "url":"https://shop.io.mi-img.com/app/shop/img?id=shop_1d4ff0de020b03140264cb100977e41f.jpeg&w=480&h=480",
    "link":""
  }
]