[
  {
    "gid" : "100264",
    "url": "https://shop.io.mi-img.com/app/shop/img?id=shop_40e31cb9c987c77d57c024d0c10a1524.jpeg&w=786&h=395",
    "link":"/detail?gid=100264"
  },
  {
    "gid" : "",
    "title": "空气净化器",
    "url": "https://shop.io.mi-img.com/app/shop/img?id=shop_e06188a6779be47f00fc9d8b420d36cb.jpeg&w=480&h=480",
    "link":""
  },
  {
    "gid" : "",
    "title": "净水器",
    "url": "https://shop.io.mi-img.com/app/shop/img?id=shop_54a1bbd8ef4273c1978767f51e9bb03d.jpeg&w=480&h=480",
    "link":""
  },
  {
    "gid" : "",
    "title": "洗衣机",
    "url": "https://shop.io.mi-img.com/app/shop/img?id=shop_175f791a5aaa928ed66ba8f20709452c.jpeg&w=480&h=480",
    "link":""
  },
  {
    "gid" : "",
    "title": "冰箱",
    "url": "https://shop.io.mi-img.com/app/shop/img?id=shop_d977aba14367677bec2a07161cf1370d.jpeg&w=480&h=480",
    "link":""
  },
  {
    "gid" : "",
    "title": "生活电器",
    "url": "https://shop.io.mi-img.com/app/shop/img?id=shop_840f9feb5a539092a0401041960056f8.jpeg&w=480&h=480",
    "link":""
  },
  {
    "gid" : "",
    "title": "空调/风扇",
    "url": "https://shop.io.mi-img.com/app/shop/img?id=shop_da172f7a634a00e2fb312f118b2915b1.jpeg&w=480&h=480",
    "link":""
  },
  {
    "gid" : "",
    "title": "厨房家电",
    "url": "https://shop.io.mi-img.com/app/shop/img?id=shop_ed74dea17d60d71d472d83d676058f4f.jpeg&w=480&h=480",
    "link":""
  }
]