[
  {
    "gid":"",
    "title":"厨房电器",
    "url":"https://shop.io.mi-img.com/app/shop/img?id=shop_6d2155ff8e8f7718e0b1022e66e99c9c.jpeg&w=480&h=480",
    "link":""
  },
  {
    "gid":"",
    "title":"锅具",
    "url":"https://static.home.mi.com/app/shop/img?id=shop_9ee28ec6da88194a2d61c86f3ffd8a81.jpeg&w=600&h=600",
    "link":""
  },
  {
    "gid":"",
    "title":"餐具",
    "url":"https://shop.io.mi-img.com/app/shop/img?id=shop_73dcd4823afa4398fd62a35351646a24.jpeg&w=480&h=480",
    "link":""
  },
  {
    "gid":"",
    "title":"杯壶",
    "url":"https://shop.io.mi-img.com/app/shop/img?id=shop_9423caf97db2befdd9a58c66f2a723c8.jpeg&w=480&h=480",
    "link":""
  },
  {
    "gid":"",
    "title":"功能厨具",
    "url":"https://shop.io.mi-img.com/app/shop/img?id=shop_32dd2d382b0499d56f8a6430b8a4457b.jpeg&w=480&h=480",
    "link":""
  }
]