[
  {
    "gid" : "100264",
    "url": "https://shop.io.mi-img.com/app/shop/img?id=shop_7143dd3f8cb917d15f15309e7476fc27.jpeg&w=786&h=395",
    "link":"/detail?gid=100264"
  },
  {
    "id" : "",
    "title": "服装",
    "url": "https://shop.io.mi-img.com/app/shop/img?id=shop_419b5741b4c1b0e6544f70e716b47733.jpeg&w=480&h=480",
    "link":""
  },
  {
    "id" : "",
    "title": "鞋袜",
    "url": "https://shop.io.mi-img.com/app/shop/img?id=shop_4a52e98e05e40aa4c221102ca2c4264a.jpeg&w=480&h=480",
    "link":""
  },
  {
    "id" : "",
    "title": "眼镜",
    "url": "https://shop.io.mi-img.com/app/shop/img?id=shop_cc8a7a79ed91738bdc00cbb0bd1a3417.jpeg&w=480&h=480",
    "link":""
  },
  {
    "id" : "",
    "title": "配饰",
    "url": "https://shop.io.mi-img.com/app/shop/img?id=shop_89c0c56eced3b1d37c4d9d70f71c2031.jpeg&w=480&h=480",
    "link":""
  },
  {
    "id" : "",
    "title": "内衣",
    "url": "https://shop.io.mi-img.com/app/shop/img?id=shop_dfadf3439bb9e479f811ccfe5832a38d.jpeg&w=480&h=480",
    "link":""
  }
]