[
  {
    "gid" : "100264",
    "url": "https://shop.io.mi-img.com/app/shop/img?id=shop_605121c9c1105d933cdced2b9f24e433.jpeg&w=786&h=395",
    "link":"/detail?gid=100264"
  },
  {
    "gid" : "",
    "title": "电视",
    "url": "https://shop.io.mi-img.com/app/shop/img?id=shop_63af964e277ed476b39b4813083947d9.jpeg&w=480&h=480",
    "link":""
  },
  {
    "gid" : "",
    "title": "盒子",
    "url": "https://shop.io.mi-img.com/app/shop/img?id=shop_a96a64b7b1c2564d4402a31fb3554fa3.jpeg&w=480&h=480",
    "link":""
  },
  {
    "gid" : "",
    "title": "投影",
    "url": "https://shop.io.mi-img.com/app/shop/img?id=shop_38c781f78796415d631ba5322031f29a.jpeg&w=480&h=480",
    "link":""
  },
  {
    "gid" : "",
    "title": "音响",
    "url": "https://shop.io.mi-img.com/app/shop/img?id=shop_910e459b4ca817fc64dc2e1fb1cc2719.jpeg&w=480&h=480",
    "link":""
  }
]