[
  {
    "gid" : "100264",
    "url": "https://shop.io.mi-img.com/app/shop/img?id=shop_b671506391898961ecd1195e86641021.jpeg&w=786&h=395",
    "link":"/detail?gid=100264"
  },
  {
    "gid" : "",
    "title": "床垫",
    "url": "https://shop.io.mi-img.com/app/shop/img?id=shop_0e900bf191e0226f49690b89227e737f.jpeg&w=480&h=480",
    "link":""
  },
  {
    "gid" : "",
    "title": "被枕",
    "url": "https://shop.io.mi-img.com/app/shop/img?id=shop_0b5821d44f632301cdbbc3db01654b35.jpeg&w=480&h=480",
    "link":""
  },
  {
    "gid" : "",
    "title": "床品件套",
    "url": "https://shop.io.mi-img.com/app/shop/img?id=shop_b87020e4415de76eb1a6c3afa28f33de.jpeg&w=480&h=480",
    "link":""
  },
  {
    "gid" : "",
    "title": "灯具",
    "url": "https://static.home.mi.com/app/shop/img?id=shop_0bd272fc3f658a40b42353d8c830da9e.jpeg&w=480&h=480",
    "link":""
  },
  {
    "gid" : "",
    "title": "家具",
    "url": "https://shop.io.mi-img.com/app/shop/img?id=shop_5c1c83513f715c3f4512fbeedc4ce835.jpeg&w=480&h=480",
    "link":""
  },
  {
    "gid" : "",
    "title": "花卉盆栽",
    "url": "https://shop.io.mi-img.com/app/shop/img?id=shop_19f87789566a9697c442e773bb0568be.jpeg&w=480&h=480",
    "link":""
  },
  {
    "gid" : "",
    "title": "家饰",
    "url": "https://shop.io.mi-img.com/app/shop/img?id=shop_6b9a0230ecef6df27a2a51c8bc868e89.jpeg&w=480&h=480",
    "link":""
  },
  {
    "gid" : "",
    "title": "布艺软装",
    "url": "https://shop.io.mi-img.com/app/shop/img?id=shop_e1fe4ebab34e50bd2ac5addd05a9af68.jpeg&w=480&h=480",
    "link":""
  }
]