[
  {
    "gid" : "100265",
    "title": "年货礼盒",
    "url": "https://shop.io.mi-img.com/app/shop/img?id=shop_06d1e24a360cfafc46ea5f97f2010c71.jpeg&w=480&h=480",
    "link":""
  },
  {
    "gid" : "100266",
    "title": "新品",
    "url": "https://shop.io.mi-img.com/app/shop/img?id=shop_3142c5002e8cd07300e478007e4ced9a.jpeg&w=480&h=480",
    "link":""
  },
  {
    "gid" : "100267",
    "title": "应季",
    "url": "https://shop.io.mi-img.com/app/shop/img?id=shop_d7319812fa94d501294472dd60d66ce9.jpeg&w=480&h=480",
    "link":""
  },
  {
    "gid" : "100268",
    "title": "男士",
    "url": "https://shop.io.mi-img.com/app/shop/img?id=shop_3866bf35aafd02fcac8dbf0ddbee7311.jpeg&w=480&h=480",
    "link":""
  },
  {
    "gid" : "100269",
    "title": "女士",
    "url": "https://shop.io.mi-img.com/app/shop/img?id=shop_65e85950c07d7d736572143922e89c42.jpeg&w=480&h=480",
    "link":""
  }
]