[
    {
      "gid" : "100922",
      "url": "https://shop.io.mi-img.com/app/shop/img?id=shop_362d215a3448060ff97216f1ca5bea45.jpeg&w=1080&h=450&t=webp",
      "link":"/detail?gid=100922"
    },
    {
      "gid" : "100990",
      "title": "ZMI双模智能充电器+充电宝(5200)",
      "describe": "一个设备，多种用途/5000mAh充沛电量 / 多协议快充",
      "url": "https://shop.io.mi-img.com/app/shop/img?id=shop_8dd42598dd4822d6f0d09039e29f82f5.jpeg",
      "link":"/detail?gid=100990",
      "price": 109,
      "mark":false
    },
    {
      "gid" : "100905",
      "title": "米家二位转换器",
      "describe": "无线转换，让传统墙插变身插线板",
      "url": "https://shop.io.mi-img.com/app/shop/img?id=shop_636dab387532bf813f5c5ff7f6406cda.jpeg",
      "link":"/detail?gid=100905",
      "price": 44.9,
      "mark":true
    },
    {
      "gid" : "100857",
      "title": "FOXIO 口红充电宝",
      "describe": "玲珑小巧，边充边放",
      "url": "https://shop.io.mi-img.com/app/shop/img?id=shop_f34bf1cde5a36bbfa84351b9685be8aa.jpeg",
      "link":"/detail?gid=100857",
      "price": 119,
      "mark":false
    },
    {
      "gid" : "100508",
      "title": "早风三合一数据线",
      "describe": "超多设备支持 苹果官方MFi认证",
      "url": "https://shop.io.mi-img.com/app/shop/img?id=shop_43ef0e6cc9cc835febf1d8b3b803177a.jpeg",
      "link":"/detail?gid=100508",
      "price": 55,
      "mark":false
    },
    {
      "gid" : "100990",
      "title": "ZMI双模智能充电器+充电宝(5200)",
      "describe": "一个设备，多种用途/5000mAh充沛电量 / 多协议快充",
      "url": "https://shop.io.mi-img.com/app/shop/img?id=shop_8dd42598dd4822d6f0d09039e29f82f5.jpeg",
      "link":"/detail?gid=100990",
      "price": 109,
      "mark":false
    },
    {
      "gid" : "100905",
      "title": "米家二位转换器",
      "describe": "无线转换，让传统墙插变身插线板",
      "url": "https://shop.io.mi-img.com/app/shop/img?id=shop_636dab387532bf813f5c5ff7f6406cda.jpeg",
      "link":"/detail?gid=100905",
      "price": 44.9,
      "mark":true
    },
    {
      "gid" : "100857",
      "title": "FOXIO 口红充电宝",
      "describe": "玲珑小巧，边充边放",
      "url": "https://shop.io.mi-img.com/app/shop/img?id=shop_f34bf1cde5a36bbfa84351b9685be8aa.jpeg",
      "link":"/detail?gid=100857",
      "price": 119,
      "mark":false
    },
    {
      "gid" : "100508",
      "title": "早风三合一数据线",
      "describe": "超多设备支持 苹果官方MFi认证",
      "url": "https://shop.io.mi-img.com/app/shop/img?id=shop_43ef0e6cc9cc835febf1d8b3b803177a.jpeg",
      "link":"/detail?gid=100508",
      "price": 55,
      "mark":false
    },
    {
      "gid" : "100990",
      "title": "ZMI双模智能充电器+充电宝(5200)",
      "describe": "一个设备，多种用途/5000mAh充沛电量 / 多协议快充",
      "url": "https://shop.io.mi-img.com/app/shop/img?id=shop_8dd42598dd4822d6f0d09039e29f82f5.jpeg",
      "link":"/detail?gid=100990",
      "price": 109,
      "mark":false
    },
    {
      "gid" : "100905",
      "title": "米家二位转换器",
      "describe": "无线转换，让传统墙插变身插线板",
      "url": "https://shop.io.mi-img.com/app/shop/img?id=shop_636dab387532bf813f5c5ff7f6406cda.jpeg",
      "link":"/detail?gid=100905",
      "price": 44.9,
      "mark":true
    },
    {
      "gid" : "100857",
      "title": "FOXIO 口红充电宝",
      "describe": "玲珑小巧，边充边放",
      "url": "https://shop.io.mi-img.com/app/shop/img?id=shop_f34bf1cde5a36bbfa84351b9685be8aa.jpeg",
      "link":"/detail?gid=100857",
      "price": 119,
      "mark":false
    },
    {
      "gid" : "100508",
      "title": "早风三合一数据线",
      "describe": "超多设备支持 苹果官方MFi认证",
      "url": "https://shop.io.mi-img.com/app/shop/img?id=shop_43ef0e6cc9cc835febf1d8b3b803177a.jpeg",
      "link":"/detail?gid=100508",
      "price": 55,
      "mark":false
    }
  ]
