[
  {
    "gid": "100995",
    "url": "https://shop.io.mi-img.com/app/shop/img?id=shop_e18f46d59172b09efe3ff84e14978efb.jpeg&w=1080&h=450&t=webp",
    "link": "/detail?gid=100932"
  },
  {
    "gid": "100995",
    "title": "基础小挂钩 6个装",
    "describe": "美国进口3M胶，可承重3kg",
    "url": "https://shop.io.mi-img.com/app/shop/img?id=shop_eb221ed3eaa4c2c6ed02a88a55c1934c.jpeg",
    "link": "/activity?cid=100995",
    "ratednum": 1000,
    "soldnum": 640,
    "price": 39,
    "oprice": 35
  },
  {
    "gid": "542",
    "title": "快开自动伞",
    "describe": "进口伞布，超快开伞",
    "url": "https://static.home.mi.com/app/shop/img?id=shop_c9e28b5c57241f07c55e081925b17385.jpeg",
    "link": "/activity?cid=oed6fd0393b6297e1",
    "ratednum": 2000,
    "soldnum": 640,
    "price": 89,
    "oprice": 169
  },
  {
    "gid": "786",
    "title": "快开自动伞",
    "describe": "进口伞布，超快开伞",
    "url": "https://static.home.mi.com/app/shop/img?id=shop_a18a027653fcdc7899454db202d313de.jpeg",
    "link": "/activity?cid=oed6fd0393b6297e1",
    "ratednum": 1000,
    "soldnum": 800,
    "price": 99,
    "oprice": 109
  },
  {
    "gid": "750",
    "title": "自动折叠伞",
    "describe": "一键开合，爱上每个下雨的日子",
    "url": "https://static.home.mi.com/app/shop/img?id=shop_b569e6217e4d4fef98a5f8217653412d.jpeg",
    "link": "/activity?cid=oed6fd0393b6297e1",
    "ratednum": 1000,
    "soldnum": 430,
    "price": 99,
    "oprice": 3499
  },
  {
    "gid": "100995",
    "title": "基础小挂钩 6个装",
    "describe": "美国进口3M胶，可承重3kg",
    "url": "https://shop.io.mi-img.com/app/shop/img?id=shop_eb221ed3eaa4c2c6ed02a88a55c1934c.jpeg",
    "link": "/activity?cid=100995",
    "ratednum": 1000,
    "soldnum": 640,
    "price": 39,
    "oprice": 35
  },
  {
    "gid": "542",
    "title": "快开自动伞",
    "describe": "进口伞布，超快开伞",
    "url": "https://static.home.mi.com/app/shop/img?id=shop_c9e28b5c57241f07c55e081925b17385.jpeg",
    "link": "/activity?cid=oed6fd0393b6297e1",
    "ratednum": 2000,
    "soldnum": 640,
    "price": 89,
    "oprice": 169
  },
  {
    "gid": "786",
    "title": "快开自动伞",
    "describe": "进口伞布，超快开伞",
    "url": "https://static.home.mi.com/app/shop/img?id=shop_a18a027653fcdc7899454db202d313de.jpeg",
    "link": "/activity?cid=oed6fd0393b6297e1",
    "ratednum": 1000,
    "soldnum": 800,
    "price": 99,
    "oprice": 109
  },
  {
    "gid": "750",
    "title": "自动折叠伞",
    "describe": "一键开合，爱上每个下雨的日子",
    "url": "https://static.home.mi.com/app/shop/img?id=shop_b569e6217e4d4fef98a5f8217653412d.jpeg",
    "link": "/activity?cid=oed6fd0393b6297e1",
    "ratednum": 1000,
    "soldnum": 430,
    "price": 99,
    "oprice": 3499
  },
  {
    "gid": "100995",
    "title": "基础小挂钩 6个装",
    "describe": "美国进口3M胶，可承重3kg",
    "url": "https://shop.io.mi-img.com/app/shop/img?id=shop_eb221ed3eaa4c2c6ed02a88a55c1934c.jpeg",
    "link": "/activity?cid=100995",
    "ratednum": 1000,
    "soldnum": 640,
    "price": 39,
    "oprice": 35
  },
  {
    "gid": "542",
    "title": "快开自动伞",
    "describe": "进口伞布，超快开伞",
    "url": "https://static.home.mi.com/app/shop/img?id=shop_c9e28b5c57241f07c55e081925b17385.jpeg",
    "link": "/activity?cid=oed6fd0393b6297e1",
    "ratednum": 2000,
    "soldnum": 640,
    "price": 89,
    "oprice": 169
  },
  {
    "gid": "786",
    "title": "快开自动伞",
    "describe": "进口伞布，超快开伞",
    "url": "https://static.home.mi.com/app/shop/img?id=shop_a18a027653fcdc7899454db202d313de.jpeg",
    "link": "/activity?cid=oed6fd0393b6297e1",
    "ratednum": 1000,
    "soldnum": 800,
    "price": 99,
    "oprice": 109
  },
  {
    "gid": "750",
    "title": "自动折叠伞",
    "describe": "一键开合，爱上每个下雨的日子",
    "url": "https://static.home.mi.com/app/shop/img?id=shop_b569e6217e4d4fef98a5f8217653412d.jpeg",
    "link": "/activity?cid=oed6fd0393b6297e1",
    "ratednum": 1000,
    "soldnum": 430,
    "price": 99,
    "oprice": 3499
  }
]