[
  {
    "gid": "100895",
    "url": "https://shop.io.mi-img.com/app/shop/img?id=shop_c46663846153c58a74924271b13e239a.jpeg&w=1080&h=450&t=webp",
    "link": "/detail?gid=100895"
  },
  {
    "gid": "100352",
    "title": "米家车载空气净化器 USB版",
    "describe": "APP智能控制，车内空气质量一目了然",
    "url": "https://shop.io.mi-img.com/app/shop/img?id=shop_c5a9ad679c576139f103ecc0cc48f67b.jpeg",
    "link": "/detail?gid=100352",
    "price": 389,
    "mark": false
  },
  {
    "gid": "716",
    "title": "70迈智能后视镜",
    "describe": "听懂你说话，更聪明的智能后视镜",
    "url": "https://static.home.mi.com/app/shop/img?id=shop_95cbe6ec38fb50c7117ce7a0558fc47f.jpeg",
    "link": "/detail?gid=716",
    "price": 1299,
    "mark": true
  },
  {
    "gid": "100885",
    "title": "防霾汽车空调过滤器*2",
    "describe": "高效过滤PM2.5，活性炭吸附甲醛，贴合密闭设计；",
    "url": "https://shop.io.mi-img.com/app/shop/img?id=shop_7a5834f6b617e134566df8f8da326b7c.jpeg",
    "link": "/detail?gid=100885",
    "price": 79,
    "mark": false
  },
  {
    "gid": "100717",
    "title": "清蜓车载负离子空气净化器",
    "describe": "静音净化，空气质量看得见",
    "url": "https://shop.io.mi-img.com/app/shop/img?id=shop_05769ca874f9049c9cbea13b6aaa2b24.jpeg",
    "link": "/detail?gid=100717",
    "price": 549,
    "mark": false
  },
  {
    "gid": "100352",
    "title": "米家车载空气净化器 USB版",
    "describe": "APP智能控制，车内空气质量一目了然",
    "url": "https://shop.io.mi-img.com/app/shop/img?id=shop_c5a9ad679c576139f103ecc0cc48f67b.jpeg",
    "link": "/detail?gid=100352",
    "price": 389,
    "mark": false
  },
  {
    "gid": "716",
    "title": "70迈智能后视镜",
    "describe": "听懂你说话，更聪明的智能后视镜",
    "url": "https://static.home.mi.com/app/shop/img?id=shop_95cbe6ec38fb50c7117ce7a0558fc47f.jpeg",
    "link": "/detail?gid=716",
    "price": 1299,
    "mark": true
  },
  {
    "gid": "100885",
    "title": "防霾汽车空调过滤器*2",
    "describe": "高效过滤PM2.5，活性炭吸附甲醛，贴合密闭设计；",
    "url": "https://shop.io.mi-img.com/app/shop/img?id=shop_7a5834f6b617e134566df8f8da326b7c.jpeg",
    "link": "/detail?gid=100885",
    "price": 79,
    "mark": false
  },
  {
    "gid": "100717",
    "title": "清蜓车载负离子空气净化器",
    "describe": "静音净化，空气质量看得见",
    "url": "https://shop.io.mi-img.com/app/shop/img?id=shop_05769ca874f9049c9cbea13b6aaa2b24.jpeg",
    "link": "/detail?gid=100717",
    "price": 549,
    "mark": false
  },
  {
    "gid": "100352",
    "title": "米家车载空气净化器 USB版",
    "describe": "APP智能控制，车内空气质量一目了然",
    "url": "https://shop.io.mi-img.com/app/shop/img?id=shop_c5a9ad679c576139f103ecc0cc48f67b.jpeg",
    "link": "/detail?gid=100352",
    "price": 389,
    "mark": false
  },
  {
    "gid": "716",
    "title": "70迈智能后视镜",
    "describe": "听懂你说话，更聪明的智能后视镜",
    "url": "https://static.home.mi.com/app/shop/img?id=shop_95cbe6ec38fb50c7117ce7a0558fc47f.jpeg",
    "link": "/detail?gid=716",
    "price": 1299,
    "mark": true
  },
  {
    "gid": "100885",
    "title": "防霾汽车空调过滤器*2",
    "describe": "高效过滤PM2.5，活性炭吸附甲醛，贴合密闭设计；",
    "url": "https://shop.io.mi-img.com/app/shop/img?id=shop_7a5834f6b617e134566df8f8da326b7c.jpeg",
    "link": "/detail?gid=100885",
    "price": 79,
    "mark": false
  },
  {
    "gid": "100717",
    "title": "清蜓车载负离子空气净化器",
    "describe": "静音净化，空气质量看得见",
    "url": "https://shop.io.mi-img.com/app/shop/img?id=shop_05769ca874f9049c9cbea13b6aaa2b24.jpeg",
    "link": "/detail?gid=100717",
    "price": 549,
    "mark": false
  }
]
