{
  "G0001": {
    "url": "https://shop.io.mi-img.com/app/shop/img?id=shop_31a86d0b20837496b767b62133624fc1.jpeg&w=786&h=395",
    "link": ""
  },
  "G0002": {
    "url": "https://shop.io.mi-img.com/app/shop/img?id=shop_b671506391898961ecd1195e86641021.jpeg&w=786&h=395",
    "link": ""
  },
  "G0003": {
    "url": "https://shop.io.mi-img.com/app/shop/img?id=shop_40e31cb9c987c77d57c024d0c10a1524.jpeg&w=786&h=395",
    "link": ""
  },
  "G0004": {
    "url": "https://shop.io.mi-img.com/app/shop/img?id=shop_659138a9687c9c57eb0db4b83ffc81fa.png&w=786&h=395",
    "link": ""
  },
  "G0005": {
    "url": "https://shop.io.mi-img.com/app/shop/img?id=shop_605121c9c1105d933cdced2b9f24e433.jpeg&w=786&h=395",
    "link": ""
  },
  "G0006": {
    "url": "https://shop.io.mi-img.com/app/shop/img?id=shop_ee52906c3fe5f3c9b231aa3f0038f927.jpeg&w=1080&h=450",
    "link": ""
  },
  "G0007": {
    "url": "https://shop.io.mi-img.com/app/shop/img?id=shop_7143dd3f8cb917d15f15309e7476fc27.jpeg&w=786&h=395",
    "link": ""
  },
  "G0008": {
    "url": "https://shop.io.mi-img.com/app/shop/img?id=shop_6c6ed95f437649e08fb9d25fbd36cee6.jpeg&w=786&h=395",
    "link": ""
  },
  "G0009": {
    "url": "https://shop.io.mi-img.com/app/shop/img?id=shop_ee52906c3fe5f3c9b231aa3f0038f927.jpeg&w=1080&h=450",
    "link": ""
  },
  "G0010": {
    "url": "https://shop.io.mi-img.com/app/shop/img?id=shop_978f0f10332344fd9a17ac50d1a4d679.jpeg&w=786&h=395",
    "link": ""
  },
  "G0011": {
    "url": "https://shop.io.mi-img.com/app/shop/img?id=shop_fa8bac47f28d3aa238b1f5f5951dd929.jpeg&w=786&h=395",
    "link": ""
  },
  "G0012": {
    "url": "https://shop.io.mi-img.com/app/shop/img?id=shop_ca810164f88dbcecd7e7cadf35fa518a.jpeg&w=786&h=395",
    "link": ""
  },
  "G0013": {
    "url": "https://shop.io.mi-img.com/app/shop/img?id=shop_b3fbc1e16aa66574e115623ce93ceca3.jpeg&w=786&h=395",
    "link": ""
  },
  "G0014": {
    "url": "https://shop.io.mi-img.com/app/shop/img?id=shop_7e4721aa2d5525c3c9077dfcf4f2e4ca.jpeg&w=786&h=395",
    "link": ""
  },
  "G0015": {
    "url": "https://shop.io.mi-img.com/app/shop/img?id=shop_7e4721aa2d5525c3c9077dfcf4f2e4ca.jpeg&w=786&h=395",
    "link": ""
  },
  "G0016": {
    "url": "https://shop.io.mi-img.com/app/shop/img?id=shop_f639046ea41f71cc51be648da7f6351a.jpeg&w=786&h=395",
    "link": ""
  },
  "G0017": {
    "url": "",
    "link": ""
  }
}