[
  {
    "gid" : "100411",
    "url": "https://shop.io.mi-img.com/app/shop/img?id=shop_b5400104b86406fa241a0d81ad8894d6.jpeg&w=1080&h=501&t=webp",
    "link":"/detail?gid=100411"
  },
  {
    "gid" : "890",
    "title": "全天候机能城市背包",
    "describe": "拒水性3-4级，背负升级",
    "url": "https://shop.io.mi-img.com/app/shop/img?id=shop_4b6dfabbc1c80fa33df4189d1b323d26.jpeg",
    "link":"/detail?gid=890",
    "price": 189,
    "mark":true
  },
  {
    "gid" : "891",
    "title": "时尚菱格双肩包",
    "describe": "防泼水，背负舒适",
    "url": "https://shop.io.mi-img.com/app/shop/img?id=shop_c8c20e8ad6a0e573679f1669fc68a99b.jpeg",
    "link":"/detail?gid=891",
    "price": 249,
    "mark":false
  },
  {
    "gid" : "655",
    "title": "90分百搭运动折叠包",
    "describe": "三重背法，轻便可折叠",
    "url": "https://static.home.mi.com/app/shop/img?id=shop_f04e5b9bbd25c7aecb7fa396412192f3.jpeg",
    "link":"/detail?gid=655",
    "price": 49,
    "mark":false
  },
  {
    "gid" : "759",
    "title": "都市简约双肩背包",
    "describe": "防泼水，背负舒适",
    "url": "https://static.home.mi.com/app/shop/img?id=shop_25c5118ca5d365eecee7d4b69fbfa068.jpeg",
    "link":"/detail?gid=759",
    "price": 169,
    "mark":false
  },
  {
    "gid" : "890",
    "title": "全天候机能城市背包",
    "describe": "拒水性3-4级，背负升级",
    "url": "https://shop.io.mi-img.com/app/shop/img?id=shop_4b6dfabbc1c80fa33df4189d1b323d26.jpeg",
    "link":"/detail?gid=890",
    "price": 189,
    "mark":true
  },
  {
    "gid" : "891",
    "title": "时尚菱格双肩包",
    "describe": "防泼水，背负舒适",
    "url": "https://shop.io.mi-img.com/app/shop/img?id=shop_c8c20e8ad6a0e573679f1669fc68a99b.jpeg",
    "link":"/detail?gid=891",
    "price": 249,
    "mark":false
  },
  {
    "gid" : "655",
    "title": "90分百搭运动折叠包",
    "describe": "三重背法，轻便可折叠",
    "url": "https://static.home.mi.com/app/shop/img?id=shop_f04e5b9bbd25c7aecb7fa396412192f3.jpeg",
    "link":"/detail?gid=655",
    "price": 49,
    "mark":false
  },
  {
    "gid" : "759",
    "title": "都市简约双肩背包",
    "describe": "防泼水，背负舒适",
    "url": "https://static.home.mi.com/app/shop/img?id=shop_25c5118ca5d365eecee7d4b69fbfa068.jpeg",
    "link":"/detail?gid=759",
    "price": 169,
    "mark":false
  },
  {
    "gid" : "890",
    "title": "全天候机能城市背包",
    "describe": "拒水性3-4级，背负升级",
    "url": "https://shop.io.mi-img.com/app/shop/img?id=shop_4b6dfabbc1c80fa33df4189d1b323d26.jpeg",
    "link":"/detail?gid=890",
    "price": 189,
    "mark":true
  },
  {
    "gid" : "891",
    "title": "时尚菱格双肩包",
    "describe": "防泼水，背负舒适",
    "url": "https://shop.io.mi-img.com/app/shop/img?id=shop_c8c20e8ad6a0e573679f1669fc68a99b.jpeg",
    "link":"/detail?gid=891",
    "price": 249,
    "mark":false
  },
  {
    "gid" : "655",
    "title": "90分百搭运动折叠包",
    "describe": "三重背法，轻便可折叠",
    "url": "https://static.home.mi.com/app/shop/img?id=shop_f04e5b9bbd25c7aecb7fa396412192f3.jpeg",
    "link":"/detail?gid=655",
    "price": 49,
    "mark":false
  },
  {
    "gid" : "759",
    "title": "都市简约双肩背包",
    "describe": "防泼水，背负舒适",
    "url": "https://static.home.mi.com/app/shop/img?id=shop_25c5118ca5d365eecee7d4b69fbfa068.jpeg",
    "link":"/detail?gid=759",
    "price": 169,
    "mark":false
  }
]