[
  {
    "gid" : "100864",
    "url": "https://shop.io.mi-img.com/app/shop/img?id=shop_ba79e213b3a41cae729c4a97d07058ac.jpeg&w=1080&h=450&t=webp",
    "link":"/detail?gid=100864"
  },
  {
    "gid" : "100917",
    "title": "声波电动牙刷 青春版",
    "describe": "高频震动，三种清洁模式",
    "url": "https://shop.io.mi-img.com/app/shop/img?id=shop_8ecb4a61f20a3b0a77c971455f5eba93.jpeg",
    "link":"/detail?gid=100917",
    "price": 169,
    "mark":false
  },
  {
    "gid" : "100901",
    "title": "贝医生牙线 3盒装",
    "describe": "限时满299减100",
    "url": "https://shop.io.mi-img.com/app/shop/img?id=shop_da7a58d2382d2a47fefd333cd889b052.jpeg",
    "link":"/detail?gid=100901",
    "price": 29.9,
    "mark":false
  },
  {
    "gid" : "100773",
    "title": "0+漱口水 便携装 20条/盒",
    "describe": "不含酒精和色素，长效清新口气",
    "url": "https://shop.io.mi-img.com/app/shop/img?id=shop_e19bd868d6a301c555d700dc67950da6.jpeg",
    "link":"/detail?gid=100773",
    "price": 39.9,
    "mark":false
  },
  {
    "gid" : "747",
    "title": "Oclean One声波电动牙刷",
    "describe": "私人订制口腔护理方案",
    "url": "https://static.home.mi.com/app/shop/img?id=shop_18c399322826dac94a600d0c450af612.jpeg",
    "link":"/detail?gid=747",
    "price": 369,
    "mark":false
  },
  {
    "gid" : "100917",
    "title": "声波电动牙刷 青春版",
    "describe": "高频震动，三种清洁模式",
    "url": "https://shop.io.mi-img.com/app/shop/img?id=shop_8ecb4a61f20a3b0a77c971455f5eba93.jpeg",
    "link":"/detail?gid=100917",
    "price": 169,
    "mark":false
  },
  {
    "gid" : "100901",
    "title": "贝医生牙线 3盒装",
    "describe": "限时满299减100",
    "url": "https://shop.io.mi-img.com/app/shop/img?id=shop_da7a58d2382d2a47fefd333cd889b052.jpeg",
    "link":"/detail?gid=100901",
    "price": 29.9,
    "mark":false
  },
  {
    "gid" : "100773",
    "title": "0+漱口水 便携装 20条/盒",
    "describe": "不含酒精和色素，长效清新口气",
    "url": "https://shop.io.mi-img.com/app/shop/img?id=shop_e19bd868d6a301c555d700dc67950da6.jpeg",
    "link":"/detail?gid=100773",
    "price": 39.9,
    "mark":false
  },
  {
    "gid" : "747",
    "title": "Oclean One声波电动牙刷",
    "describe": "私人订制口腔护理方案",
    "url": "https://static.home.mi.com/app/shop/img?id=shop_18c399322826dac94a600d0c450af612.jpeg",
    "link":"/detail?gid=747",
    "price": 369,
    "mark":false
  },
  {
    "gid" : "100917",
    "title": "声波电动牙刷 青春版",
    "describe": "高频震动，三种清洁模式",
    "url": "https://shop.io.mi-img.com/app/shop/img?id=shop_8ecb4a61f20a3b0a77c971455f5eba93.jpeg",
    "link":"/detail?gid=100917",
    "price": 169,
    "mark":false
  },
  {
    "gid" : "100901",
    "title": "贝医生牙线 3盒装",
    "describe": "限时满299减100",
    "url": "https://shop.io.mi-img.com/app/shop/img?id=shop_da7a58d2382d2a47fefd333cd889b052.jpeg",
    "link":"/detail?gid=100901",
    "price": 29.9,
    "mark":false
  },
  {
    "gid" : "100773",
    "title": "0+漱口水 便携装 20条/盒",
    "describe": "不含酒精和色素，长效清新口气",
    "url": "https://shop.io.mi-img.com/app/shop/img?id=shop_e19bd868d6a301c555d700dc67950da6.jpeg",
    "link":"/detail?gid=100773",
    "price": 39.9,
    "mark":false
  },
  {
    "gid" : "747",
    "title": "Oclean One声波电动牙刷",
    "describe": "私人订制口腔护理方案",
    "url": "https://static.home.mi.com/app/shop/img?id=shop_18c399322826dac94a600d0c450af612.jpeg",
    "link":"/detail?gid=747",
    "price": 369,
    "mark":false
  }

]