[{"id":2,"name":"销售部","desc":"公司业务销售管理部门，负责拓展渠道和维护客户","time":1568640222269,"state":0},{"id":3,"name":"产品研发部","desc":"公司产品研发部门，负责生产研发公司的产品","time":1568640222269,"state":0},{"id":4,"name":"后勤部","desc":"公司后勤管理部门，负责行政、财务、人事等日常管理工作","time":1568640222269,"state":0},{"id":5,"name":"财务部","desc":"掌握公司财政","time":1592668451194,"state":0},{"id":6,"name":"1","desc":"1","time":1592668457820,"state":1}]