[{"id":2,"customerId":"6","visitText":"定位撒无撒所多","visitTime":"2019-09-21","time":1568974137608,"state":0},{"id":3,"customerId":"undefined","visitText":"","visitTime":"2020-06-22","time":1592820988694,"state":0},{"id":4,"customerId":"undefined","visitText":"","visitTime":"2020-06-22","time":1592820999373,"state":0},{"id":5,"customerId":"undefined","visitText":"","visitTime":"2020-06-22","time":1592822088083,"state":0},{"id":6,"customerId":"undefined","visitText":"","visitTime":"2020-06-22","time":1592822094069,"state":0},{"id":7,"customerId":"1","visitText":"热3333334444","visitTime":"2020-06-22","time":1592822099888,"state":0},{"id":8,"customerId":"1","visitText":"嘎嘎嘎嘎嘎","visitTime":"2020-06-22","time":1592822106112,"state":0},{"id":9,"customerId":"1","visitText":"啊呀呀呀","visitTime":"2020-06-22","time":1592823382899,"state":0,"visitId":"null"},{"id":10,"customerId":"1","visitText":"乱了乱了","visitTime":"2020-06-22","time":1592823699436,"state":0,"visitId":"null"},{"id":11,"customerId":"1","visitText":"二899989","visitTime":"2020-06-24","time":1592825215581,"state":0,"visitId":"null"},{"id":12,"customerId":"2","visitText":"2222222","visitTime":"2020-06-01","time":1592833987132,"state":0,"visitId":"null"},{"id":13,"customerId":"undefined","visitText":"2222222","visitTime":"2020-06-23","time":1592833994157,"state":0,"visitId":"null"},{"id":14,"customerId":"2","visitText":"啊哈啊哈哈","visitTime":"2020-06-23","time":1592834268596,"state":0,"visitId":"null"}]