[{
	"id": 1,
	"name": "客户01",
	"sex": 0,
	"email": "1211918273818412@qq.com",
	"phone": "46436553111",
	"QQ": "8310331342310",
	"weixin": "5192152011531916",
	"type": "重点客户",
	"address": "北京市昌平区回龙观东大街03号",
	"userId": 1,
	"departmentId": 4,
	"time": 1568958805448,
	"state": 0
}, {
	"id": 2,
	"name": "客户02",
	"sex": 0,
	"email": "625543329111923@qq.com",
	"phone": "23404758572",
	"QQ": "129818268311",
	"weixin": "34103334262832171011",
	"type": "重点客户",
	"address": "北京市昌平区回龙观东大街03号",
	"userId": 3,
	"departmentId": 4,
	"time": 1568958805448,
	"state": 0
}, {
	"id": 3,
	"name": "客户03",
	"sex": 1,
	"email": "10123292621719295@qq.com",
	"phone": "07276276730",
	"QQ": "131126713233232",
	"weixin": "3432262526223327",
	"type": "重点客户",
	"address": "北京市昌平区回龙观东大街03号",
	"userId": 3,
	"departmentId": 3,
	"time": 1568958805448,
	"state": 0
}, {
	"id": 4,
	"name": "客户04",
	"sex": 1,
	"email": "172618163235129514@qq.com",
	"phone": "03399244515",
	"QQ": "8211222633831",
	"weixin": "142618662933103126",
	"type": "重点客户",
	"address": "北京市昌平区回龙观东大街03号",
	"userId": 2,
	"departmentId": 3,
	"time": 1568958805448,
	"state": 0
}, {
	"id": 5,
	"name": "客户05",
	"sex": 1,
	"email": "72219142733115179@qq.com",
	"phone": "23277458236",
	"QQ": "31925213391326",
	"weixin": "241712212191521273",
	"type": "重点客户",
	"address": "北京市昌平区回龙观东大街03号",
	"userId": 3,
	"departmentId": 1,
	"time": 1568958805448,
	"state": 0
}, {
	"id": 6,
	"name": "客户06",
	"sex": 0,
	"email": "20263131281423101131@qq.com",
	"phone": "60637309833",
	"QQ": "281135293434165",
	"weixin": "221412117341816021",
	"type": "重点客户",
	"address": "北京市昌平区回龙观东大街03号",
	"userId": 1,
	"departmentId": 2,
	"time": 1568958805448,
	"state": 0
}, {
	"id": 7,
	"name": "客户07",
	"sex": 0,
	"email": "1102865241011623@qq.com",
	"phone": "48775520065",
	"QQ": "34623301133528",
	"weixin": "161630111711022192",
	"type": "重点客户",
	"address": "北京市昌平区回龙观东大街03号",
	"userId": 2,
	"departmentId": 2,
	"time": 1568958805448,
	"state": 0
}, {
	"id": 8,
	"name": "客户08",
	"sex": 1,
	"email": "2227241916112418286@qq.com",
	"phone": "28777147266",
	"QQ": "111821826122422",
	"weixin": "678201092553117",
	"type": "重点客户",
	"address": "北京市昌平区回龙观东大街03号",
	"userId": 3,
	"departmentId": 3,
	"time": 1568958805448,
	"state": 0
}, {
	"id": 9,
	"name": "客户09",
	"sex": 1,
	"email": "2292627112511241635@qq.com",
	"phone": "81113414647",
	"QQ": "201716193222734",
	"weixin": "9282434262821331032",
	"type": "重点客户",
	"address": "北京市昌平区回龙观东大街03号",
	"userId": 1,
	"departmentId": 2,
	"time": 1568958805448,
	"state": 0
}, {
	"id": 10,
	"name": "客户10",
	"sex": 0,
	"email": "15028176281612358@qq.com",
	"phone": "20851485230",
	"QQ": "22172718353125",
	"weixin": "2727718323228133223",
	"type": "重点客户",
	"address": "北京市昌平区回龙观东大街03号",
	"userId": 3,
	"departmentId": 1,
	"time": 1568958805448,
	"state": 0
}, {
	"id": 11,
	"name": "客户11",
	"sex": 0,
	"email": "30652010630232033@qq.com",
	"phone": "22221813960",
	"QQ": "222335282691117",
	"weixin": "26414272013514232",
	"type": "重点客户",
	"address": "北京市昌平区回龙观东大街03号",
	"userId": 4,
	"departmentId": 2,
	"time": 1568958805448,
	"state": 0
}, {
	"id": 12,
	"name": "客户12",
	"sex": 1,
	"email": "6302982717302261@qq.com",
	"phone": "66247485325",
	"QQ": "282652749257",
	"weixin": "28251717211027183433",
	"type": "重点客户",
	"address": "北京市昌平区回龙观东大街03号",
	"userId": 2,
	"departmentId": 1,
	"time": 1568958805448,
	"state": 0
}, {
	"id": 13,
	"name": "客户13",
	"sex": 0,
	"email": "5226252933521106@qq.com",
	"phone": "95746526403",
	"QQ": "2732236425218",
	"weixin": "4222042162011018",
	"type": "重点客户",
	"address": "北京市昌平区回龙观东大街03号",
	"userId": 3,
	"departmentId": 3,
	"time": 1568958805448,
	"state": 0
}, {
	"id": 14,
	"name": "客户14",
	"sex": 1,
	"email": "222822526152914103@qq.com",
	"phone": "52681529105",
	"QQ": "231081122241934",
	"weixin": "133325282127102419",
	"type": "重点客户",
	"address": "北京市昌平区回龙观东大街03号",
	"userId": 2,
	"departmentId": 2,
	"time": 1568958805448,
	"state": 0
}, {
	"id": 15,
	"name": "客户15",
	"sex": 0,
	"email": "30211377907258@qq.com",
	"phone": "42136750327",
	"QQ": "32233253353032",
	"weixin": "22163115953134286",
	"type": "重点客户",
	"address": "北京市昌平区回龙观东大街03号",
	"userId": 4,
	"departmentId": 2,
	"time": 1568958805448,
	"state": 0
}, {
	"id": 16,
	"name": "客户16",
	"sex": 1,
	"email": "833231321225101122@qq.com",
	"phone": "77882497344",
	"QQ": "32163015185325",
	"weixin": "2049420321526164",
	"type": "重点客户",
	"address": "北京市昌平区回龙观东大街03号",
	"userId": 3,
	"departmentId": 2,
	"time": 1568958805448,
	"state": 0
}, {
	"id": 17,
	"name": "客户17",
	"sex": 0,
	"email": "334872724152130@qq.com",
	"phone": "33930914331",
	"QQ": "1402273122032",
	"weixin": "148155264611412",
	"type": "重点客户",
	"address": "北京市昌平区回龙观东大街03号",
	"userId": 3,
	"departmentId": 1,
	"time": 1568958805448,
	"state": 0
}, {
	"id": 18,
	"name": "客户18",
	"sex": 0,
	"email": "1012216179621021@qq.com",
	"phone": "56536244623",
	"QQ": "2722343182866",
	"weixin": "3032293326341932210",
	"type": "重点客户",
	"address": "北京市昌平区回龙观东大街03号",
	"userId": 2,
	"departmentId": 3,
	"time": 1568958805448,
	"state": 0
}, {
	"id": 19,
	"name": "客户19",
	"sex": 1,
	"email": "34182492916225224@qq.com",
	"phone": "91241913249",
	"QQ": "1920221622253312",
	"weixin": "266333419120323020",
	"type": "重点客户",
	"address": "北京市昌平区回龙观东大街03号",
	"userId": 3,
	"departmentId": 1,
	"time": 1568958805448,
	"state": 0
}, {
	"id": 20,
	"name": "客户20",
	"sex": 0,
	"email": "12181269112233260@qq.com",
	"phone": "83829413937",
	"QQ": "2928329121549",
	"weixin": "13278242201426132",
	"type": "重点客户",
	"address": "北京市昌平区回龙观东大街03号",
	"userId": 1,
	"departmentId": 2,
	"time": 1568958805448,
	"state": 0
}, {
	"id": 21,
	"name": "客户21",
	"sex": 1,
	"email": "343451734261033031@qq.com",
	"phone": "64553846787",
	"QQ": "122592824262628",
	"weixin": "22017322520117016",
	"type": "重点客户",
	"address": "北京市昌平区回龙观东大街03号",
	"userId": 3,
	"departmentId": 4,
	"time": 1568958805448,
	"state": 0
}, {
	"id": 22,
	"name": "客户22",
	"sex": 0,
	"email": "9207202141517327@qq.com",
	"phone": "31373552953",
	"QQ": "21133234292219",
	"weixin": "16113145132481229",
	"type": "重点客户",
	"address": "北京市昌平区回龙观东大街03号",
	"userId": 3,
	"departmentId": 3,
	"time": 1568958805448,
	"state": 0
}, {
	"id": 23,
	"name": "客户23",
	"sex": 1,
	"email": "42734741116241735@qq.com",
	"phone": "66876471489",
	"QQ": "313029142852923",
	"weixin": "19291085152283129",
	"type": "重点客户",
	"address": "北京市昌平区回龙观东大街03号",
	"userId": 1,
	"departmentId": 4,
	"time": 1568958805448,
	"state": 0
}, {
	"id": 24,
	"name": "客户24",
	"sex": 1,
	"email": "342673152025236@qq.com",
	"phone": "82206375381",
	"QQ": "3112827103431",
	"weixin": "168322615161312430",
	"type": "重点客户",
	"address": "北京市昌平区回龙观东大街03号",
	"userId": 1,
	"departmentId": 2,
	"time": 1568958805448,
	"state": 0
}, {
	"id": 25,
	"name": "客户25",
	"sex": 1,
	"email": "182102126232592126@qq.com",
	"phone": "41206834441",
	"QQ": "7133914241122",
	"weixin": "321827119233141229",
	"type": "重点客户",
	"address": "北京市昌平区回龙观东大街03号",
	"userId": 3,
	"departmentId": 2,
	"time": 1568958805448,
	"state": 0
}, {
	"id": 26,
	"name": "客户26",
	"sex": 0,
	"email": "833343127272330728@qq.com",
	"phone": "66271266756",
	"QQ": "212332343126273",
	"weixin": "873111315203153",
	"type": "重点客户",
	"address": "北京市昌平区回龙观东大街03号",
	"userId": 1,
	"departmentId": 4,
	"time": 1568958805448,
	"state": 0
}, {
	"id": 27,
	"name": "客户27",
	"sex": 0,
	"email": "21358619182128172@qq.com",
	"phone": "44312260576",
	"QQ": "1462435187127",
	"weixin": "142563117183001819",
	"type": "重点客户",
	"address": "北京市昌平区回龙观东大街03号",
	"userId": 1,
	"departmentId": 4,
	"time": 1568958805448,
	"state": 0
}, {
	"id": 28,
	"name": "客户28",
	"sex": 0,
	"email": "01019302918334347@qq.com",
	"phone": "52629784213",
	"QQ": "7192422013722",
	"weixin": "22933531812192622",
	"type": "重点客户",
	"address": "北京市昌平区回龙观东大街03号",
	"userId": 3,
	"departmentId": 2,
	"time": 1568958805448,
	"state": 0
}, {
	"id": 29,
	"name": "客户29",
	"sex": 0,
	"email": "1828732221616201617@qq.com",
	"phone": "47614076688",
	"QQ": "34410322273430",
	"weixin": "26291719302428191915",
	"type": "重点客户",
	"address": "北京市昌平区回龙观东大街03号",
	"userId": 1,
	"departmentId": 4,
	"time": 1568958805448,
	"state": 0
}, {
	"id": 30,
	"name": "客户30",
	"sex": 1,
	"email": "410266273430122@qq.com",
	"phone": "44222195567",
	"QQ": "887112223162",
	"weixin": "1917812702751612",
	"type": "重点客户",
	"address": "北京市昌平区回龙观东大街03号",
	"userId": 2,
	"departmentId": 4,
	"time": 1568958805448,
	"state": 0
}, {
	"id": 31,
	"name": "客户31",
	"sex": 1,
	"email": "21241532103023341820@qq.com",
	"phone": "54907176786",
	"QQ": "11331732232474",
	"weixin": "1922252812251520283",
	"type": "重点客户",
	"address": "北京市昌平区回龙观东大街03号",
	"userId": 1,
	"departmentId": 2,
	"time": 1568958805448,
	"state": 0
}, {
	"id": 32,
	"name": "客户32",
	"sex": 0,
	"email": "2815291234922203334@qq.com",
	"phone": "27764124741",
	"QQ": "724715942323",
	"weixin": "51117730173162823",
	"type": "重点客户",
	"address": "北京市昌平区回龙观东大街03号",
	"userId": 2,
	"departmentId": 2,
	"time": 1568958805448,
	"state": 0
}, {
	"id": 33,
	"name": "客户33",
	"sex": 1,
	"email": "25227131012301832@qq.com",
	"phone": "26138958060",
	"QQ": "32343027522244",
	"weixin": "21218332582924415",
	"type": "重点客户",
	"address": "北京市昌平区回龙观东大街03号",
	"userId": 3,
	"departmentId": 2,
	"time": 1568958805448,
	"state": 0
}, {
	"id": 34,
	"name": "客户34",
	"sex": 1,
	"email": "1914315201511141425@qq.com",
	"phone": "07585107776",
	"QQ": "172455192236",
	"weixin": "162702921123020156",
	"type": "重点客户",
	"address": "北京市昌平区回龙观东大街03号",
	"userId": 2,
	"departmentId": 3,
	"time": 1568958805448,
	"state": 0
}, {
	"id": 35,
	"name": "客户35",
	"sex": 0,
	"email": "16918516673089@qq.com",
	"phone": "36918854736",
	"QQ": "142666321181",
	"weixin": "2718271012915332911",
	"type": "重点客户",
	"address": "北京市昌平区回龙观东大街03号",
	"userId": 2,
	"departmentId": 2,
	"time": 1568958805448,
	"state": 0
}, {
	"id": 36,
	"name": "客户36",
	"sex": 0,
	"email": "221331321292121822@qq.com",
	"phone": "72653165562",
	"QQ": "912226209335",
	"weixin": "15810251232233163",
	"type": "重点客户",
	"address": "北京市昌平区回龙观东大街03号",
	"userId": 2,
	"departmentId": 3,
	"time": 1568958805448,
	"state": 0
}, {
	"id": 37,
	"name": "客户37",
	"sex": 1,
	"email": "20010163513120256@qq.com",
	"phone": "15364026206",
	"QQ": "1728112834241722",
	"weixin": "1528152229032284",
	"type": "重点客户",
	"address": "北京市昌平区回龙观东大街03号",
	"userId": 4,
	"departmentId": 4,
	"time": 1568958805448,
	"state": 0
}, {
	"id": 38,
	"name": "客户38",
	"sex": 1,
	"email": "1271911302033123228@qq.com",
	"phone": "93756833252",
	"QQ": "17268122512825",
	"weixin": "129213117253231218",
	"type": "重点客户",
	"address": "北京市昌平区回龙观东大街03号",
	"userId": 2,
	"departmentId": 2,
	"time": 1568958805448,
	"state": 0
}, {
	"id": 39,
	"name": "客户39",
	"sex": 0,
	"email": "3221133081315271230@qq.com",
	"phone": "62255621288",
	"QQ": "2151522265214",
	"weixin": "1118302332828319",
	"type": "重点客户",
	"address": "北京市昌平区回龙观东大街03号",
	"userId": 2,
	"departmentId": 3,
	"time": 1568958805448,
	"state": 0
}, {
	"id": 40,
	"name": "客户40",
	"sex": 0,
	"email": "232218346133301912@qq.com",
	"phone": "48808587253",
	"QQ": "30321128262511",
	"weixin": "6283028301718282811",
	"type": "重点客户",
	"address": "北京市昌平区回龙观东大街03号",
	"userId": 2,
	"departmentId": 2,
	"time": 1568958805448,
	"state": 0
}, {
	"id": 41,
	"name": "客户41",
	"sex": 0,
	"email": "2320143510341433344@qq.com",
	"phone": "24417777668",
	"QQ": "33183417322410",
	"weixin": "927103811315143",
	"type": "重点客户",
	"address": "北京市昌平区回龙观东大街03号",
	"userId": 2,
	"departmentId": 3,
	"time": 1568958805448,
	"state": 0
}, {
	"id": 42,
	"name": "客户42",
	"sex": 0,
	"email": "3232342920242413156@qq.com",
	"phone": "44545412861",
	"QQ": "14292573191819",
	"weixin": "7442633233282417",
	"type": "重点客户",
	"address": "北京市昌平区回龙观东大街03号",
	"userId": 3,
	"departmentId": 1,
	"time": 1568958805448,
	"state": 0
}, {
	"id": 43,
	"name": "客户43",
	"sex": 1,
	"email": "3024211425193310433@qq.com",
	"phone": "34157827283",
	"QQ": "271822171216267",
	"weixin": "138813131311305",
	"type": "重点客户",
	"address": "北京市昌平区回龙观东大街03号",
	"userId": 2,
	"departmentId": 3,
	"time": 1568958805448,
	"state": 0
}, {
	"id": 44,
	"name": "客户44",
	"sex": 0,
	"email": "2632242071711112620@qq.com",
	"phone": "28155123980",
	"QQ": "14251825426625",
	"weixin": "12814353234343343",
	"type": "重点客户",
	"address": "北京市昌平区回龙观东大街03号",
	"userId": 1,
	"departmentId": 3,
	"time": 1568958805448,
	"state": 0
}, {
	"id": 45,
	"name": "客户45",
	"sex": 1,
	"email": "201114113230226516@qq.com",
	"phone": "13820212165",
	"QQ": "29123432029119",
	"weixin": "116635141815271519",
	"type": "重点客户",
	"address": "北京市昌平区回龙观东大街03号",
	"userId": 3,
	"departmentId": 1,
	"time": 1568958805448,
	"state": 0
}, {
	"id": 46,
	"name": "客户46",
	"sex": 0,
	"email": "22272317142582018@qq.com",
	"phone": "36646865828",
	"QQ": "818671702318",
	"weixin": "31028911191325173",
	"type": "重点客户",
	"address": "北京市昌平区回龙观东大街03号",
	"userId": 2,
	"departmentId": 2,
	"time": 1568958805448,
	"state": 0
}, {
	"id": 47,
	"name": "客户47",
	"sex": 0,
	"email": "23157120246101713@qq.com",
	"phone": "82140056463",
	"QQ": "73430151572523",
	"weixin": "273031276512252316",
	"type": "重点客户",
	"address": "北京市昌平区回龙观东大街03号",
	"userId": 1,
	"departmentId": 3,
	"time": 1568958805448,
	"state": 0
}, {
	"id": 48,
	"name": "客户48",
	"sex": 1,
	"email": "1423141426292334921@qq.com",
	"phone": "62227245623",
	"QQ": "710131327162328",
	"weixin": "11417101028195327",
	"type": "重点客户",
	"address": "北京市昌平区回龙观东大街03号",
	"userId": 2,
	"departmentId": 2,
	"time": 1568958805448,
	"state": 0
}, {
	"id": 49,
	"name": "客户49",
	"sex": 1,
	"email": "25185171284173420@qq.com",
	"phone": "10246418533",
	"QQ": "1916471714928",
	"weixin": "332965211916172118",
	"type": "重点客户",
	"address": "北京市昌平区回龙观东大街03号",
	"userId": 3,
	"departmentId": 3,
	"time": 1568958805448,
	"state": 0
}, {
	"id": 50,
	"name": "客户50",
	"sex": 1,
	"email": "33358152016321712@qq.com",
	"phone": "77186748658",
	"QQ": "91712292613419",
	"weixin": "1315122420253331635",
	"type": "重点客户",
	"address": "北京市昌平区回龙观东大街03号",
	"userId": 3,
	"departmentId": 2,
	"time": 1568958805448,
	"state": 0
}, {
	"id": 51,
	"name": "客户51",
	"sex": 0,
	"email": "45272231292222924@qq.com",
	"phone": "52462421881",
	"QQ": "31193024138223",
	"weixin": "3028717252815152428",
	"type": "重点客户",
	"address": "北京市昌平区回龙观东大街03号",
	"userId": 1,
	"departmentId": 3,
	"time": 1568958805448,
	"state": 0
}, {
	"id": 52,
	"name": "客户52",
	"sex": 1,
	"email": "1032524122132242627@qq.com",
	"phone": "42244402651",
	"QQ": "191171321101011",
	"weixin": "10188358252631262",
	"type": "重点客户",
	"address": "北京市昌平区回龙观东大街03号",
	"userId": 2,
	"departmentId": 3,
	"time": 1568958805448,
	"state": 0
}, {
	"id": 53,
	"name": "客户53",
	"sex": 0,
	"email": "13145172429192424@qq.com",
	"phone": "68779888165",
	"QQ": "16431351601932",
	"weixin": "1216323231113222517",
	"type": "重点客户",
	"address": "北京市昌平区回龙观东大街03号",
	"userId": 2,
	"departmentId": 3,
	"time": 1568958805448,
	"state": 0
}, {
	"id": 54,
	"name": "客户54",
	"sex": 1,
	"email": "72012202425133610@qq.com",
	"phone": "47361253167",
	"QQ": "30213181429224",
	"weixin": "3512321322719023",
	"type": "重点客户",
	"address": "北京市昌平区回龙观东大街03号",
	"userId": 4,
	"departmentId": 2,
	"time": 1568958805448,
	"state": 0
}, {
	"id": 55,
	"name": "客户55",
	"sex": 1,
	"email": "2233203310253291235@qq.com",
	"phone": "30416121003",
	"QQ": "4734928171130",
	"weixin": "263124112202692030",
	"type": "重点客户",
	"address": "北京市昌平区回龙观东大街03号",
	"userId": 2,
	"departmentId": 3,
	"time": 1568958805448,
	"state": 0
}, {
	"id": 56,
	"name": "客户56",
	"sex": 1,
	"email": "32026347339112518@qq.com",
	"phone": "75581452565",
	"QQ": "2620203229122511",
	"weixin": "9292025144716521",
	"type": "重点客户",
	"address": "北京市昌平区回龙观东大街03号",
	"userId": 3,
	"departmentId": 3,
	"time": 1568958805448,
	"state": 0
}, {
	"id": 57,
	"name": "客户57",
	"sex": 0,
	"email": "189127231626735@qq.com",
	"phone": "98215886523",
	"QQ": "161731353410155",
	"weixin": "13131325153358128",
	"type": "重点客户",
	"address": "北京市昌平区回龙观东大街03号",
	"userId": 3,
	"departmentId": 3,
	"time": 1568958805448,
	"state": 0
}, {
	"id": 58,
	"name": "客户58",
	"sex": 0,
	"email": "17324346327261913@qq.com",
	"phone": "05853223348",
	"QQ": "231430331634511",
	"weixin": "241027228132112731",
	"type": "重点客户",
	"address": "北京市昌平区回龙观东大街03号",
	"userId": 4,
	"departmentId": 4,
	"time": 1568958805448,
	"state": 0
}, {
	"id": 59,
	"name": "客户59",
	"sex": 1,
	"email": "318202413825161422@qq.com",
	"phone": "33856532538",
	"QQ": "11130192018225",
	"weixin": "111027337121541118",
	"type": "重点客户",
	"address": "北京市昌平区回龙观东大街03号",
	"userId": 2,
	"departmentId": 4,
	"time": 1568958805448,
	"state": 0
}, {
	"id": 60,
	"name": "客户60",
	"sex": 0,
	"email": "2911311427321642919@qq.com",
	"phone": "62102278785",
	"QQ": "872414918928",
	"weixin": "02220234312324319",
	"type": "重点客户",
	"address": "北京市昌平区回龙观东大街03号",
	"userId": 2,
	"departmentId": 3,
	"time": 1568958805448,
	"state": 0
}, {
	"id": 61,
	"name": "客户61",
	"sex": 0,
	"email": "111211724167101013@qq.com",
	"phone": "84555426235",
	"QQ": "141729233422716",
	"weixin": "26133321922156825",
	"type": "重点客户",
	"address": "北京市昌平区回龙观东大街03号",
	"userId": 1,
	"departmentId": 3,
	"time": 1568958805448,
	"state": 0
}, {
	"id": 62,
	"name": "客户62",
	"sex": 0,
	"email": "313311286201821234@qq.com",
	"phone": "25235463976",
	"QQ": "17616132883119",
	"weixin": "314127201932211628",
	"type": "重点客户",
	"address": "北京市昌平区回龙观东大街03号",
	"userId": 3,
	"departmentId": 2,
	"time": 1568958805448,
	"state": 0
}, {
	"id": 63,
	"name": "客户63",
	"sex": 0,
	"email": "181019276210241@qq.com",
	"phone": "13346360421",
	"QQ": "25313417103423",
	"weixin": "1789152372828121",
	"type": "重点客户",
	"address": "北京市昌平区回龙观东大街03号",
	"userId": 1,
	"departmentId": 4,
	"time": 1568958805448,
	"state": 0
}, {
	"id": 64,
	"name": "客户64",
	"sex": 1,
	"email": "29342117263123323228@qq.com",
	"phone": "28344614806",
	"QQ": "813191724212620",
	"weixin": "2273024130246185",
	"type": "重点客户",
	"address": "北京市昌平区回龙观东大街03号",
	"userId": 4,
	"departmentId": 3,
	"time": 1568958805448,
	"state": 0
}, {
	"id": 65,
	"name": "客户65",
	"sex": 0,
	"email": "19125352624151377@qq.com",
	"phone": "12475126547",
	"QQ": "83211362767",
	"weixin": "1722211715322926325",
	"type": "重点客户",
	"address": "北京市昌平区回龙观东大街03号",
	"userId": 3,
	"departmentId": 4,
	"time": 1568958805448,
	"state": 0
}, {
	"id": 66,
	"name": "客户66",
	"sex": 0,
	"email": "202972428219102531@qq.com",
	"phone": "22389457660",
	"QQ": "182302220113111",
	"weixin": "62114211731212331",
	"type": "重点客户",
	"address": "北京市昌平区回龙观东大街03号",
	"userId": 2,
	"departmentId": 1,
	"time": 1568958805448,
	"state": 0
}, {
	"id": 67,
	"name": "客户67",
	"sex": 0,
	"email": "1611115142128291634@qq.com",
	"phone": "41860898782",
	"QQ": "263231349221124",
	"weixin": "173512109621011",
	"type": "重点客户",
	"address": "北京市昌平区回龙观东大街03号",
	"userId": 3,
	"departmentId": 3,
	"time": 1568958805448,
	"state": 0
}, {
	"id": 68,
	"name": "客户68",
	"sex": 0,
	"email": "102203115525351218@qq.com",
	"phone": "92106302188",
	"QQ": "19162929642611",
	"weixin": "1321349343522271912",
	"type": "重点客户",
	"address": "北京市昌平区回龙观东大街03号",
	"userId": 2,
	"departmentId": 3,
	"time": 1568958805448,
	"state": 0
}, {
	"id": 69,
	"name": "客户69",
	"sex": 0,
	"email": "33312916157232368@qq.com",
	"phone": "58168511228",
	"QQ": "167203228252226",
	"weixin": "1235663527192606",
	"type": "重点客户",
	"address": "北京市昌平区回龙观东大街03号",
	"userId": 2,
	"departmentId": 3,
	"time": 1568958805448,
	"state": 0
}, {
	"id": 70,
	"name": "客户70",
	"sex": 0,
	"email": "218131434261331822@qq.com",
	"phone": "66215198433",
	"QQ": "193021112616434",
	"weixin": "2028857317262210",
	"type": "重点客户",
	"address": "北京市昌平区回龙观东大街03号",
	"userId": 2,
	"departmentId": 2,
	"time": 1568958805448,
	"state": 0
}, {
	"id": 71,
	"name": "客户71",
	"sex": 1,
	"email": "353301721103427344@qq.com",
	"phone": "30839451732",
	"QQ": "161029426271030",
	"weixin": "1816151229129202617",
	"type": "重点客户",
	"address": "北京市昌平区回龙观东大街03号",
	"userId": 3,
	"departmentId": 1,
	"time": 1568958805448,
	"state": 0
}, {
	"id": 72,
	"name": "客户72",
	"sex": 0,
	"email": "3716212063214514@qq.com",
	"phone": "18564065858",
	"QQ": "2232231624923",
	"weixin": "3279323262212918",
	"type": "重点客户",
	"address": "北京市昌平区回龙观东大街03号",
	"userId": 4,
	"departmentId": 1,
	"time": 1568958805448,
	"state": 0
}, {
	"id": 73,
	"name": "客户73",
	"sex": 0,
	"email": "1816293011153134282@qq.com",
	"phone": "53757465361",
	"QQ": "272010195322916",
	"weixin": "2414139931311582",
	"type": "重点客户",
	"address": "北京市昌平区回龙观东大街03号",
	"userId": 4,
	"departmentId": 1,
	"time": 1568958805448,
	"state": 0
}, {
	"id": 74,
	"name": "客户74",
	"sex": 0,
	"email": "302813420174312024@qq.com",
	"phone": "98839001138",
	"QQ": "35314322691324",
	"weixin": "33872931252010820",
	"type": "重点客户",
	"address": "北京市昌平区回龙观东大街03号",
	"userId": 4,
	"departmentId": 2,
	"time": 1568958805448,
	"state": 0
}, {
	"id": 75,
	"name": "客户75",
	"sex": 1,
	"email": "530333530333132428@qq.com",
	"phone": "50224535772",
	"QQ": "182226115252218",
	"weixin": "1332262120221222214",
	"type": "重点客户",
	"address": "北京市昌平区回龙观东大街03号",
	"userId": 2,
	"departmentId": 2,
	"time": 1568958805449,
	"state": 0
}, {
	"id": 76,
	"name": "客户76",
	"sex": 0,
	"email": "2311122713529171618@qq.com",
	"phone": "92121633188",
	"QQ": "23192814271231",
	"weixin": "281625923293103127",
	"type": "重点客户",
	"address": "北京市昌平区回龙观东大街03号",
	"userId": 2,
	"departmentId": 3,
	"time": 1568958805449,
	"state": 0
}, {
	"id": 77,
	"name": "客户77",
	"sex": 0,
	"email": "1529271618352333@qq.com",
	"phone": "84593750883",
	"QQ": "18102926463015",
	"weixin": "27625511621202724",
	"type": "重点客户",
	"address": "北京市昌平区回龙观东大街03号",
	"userId": 3,
	"departmentId": 3,
	"time": 1568958805449,
	"state": 0
}, {
	"id": 78,
	"name": "客户78",
	"sex": 0,
	"email": "2516331342413171318@qq.com",
	"phone": "83021573750",
	"QQ": "34269131426256",
	"weixin": "33332812201883263",
	"type": "重点客户",
	"address": "北京市昌平区回龙观东大街03号",
	"userId": 3,
	"departmentId": 3,
	"time": 1568958805449,
	"state": 0
}, {
	"id": 79,
	"name": "客户79",
	"sex": 0,
	"email": "213379342161222@qq.com",
	"phone": "64871752354",
	"QQ": "627133425252020",
	"weixin": "520351726281629426",
	"type": "重点客户",
	"address": "北京市昌平区回龙观东大街03号",
	"userId": 1,
	"departmentId": 4,
	"time": 1568958805449,
	"state": 0
}, {
	"id": 80,
	"name": "客户80",
	"sex": 1,
	"email": "172233243508312412@qq.com",
	"phone": "47447615984",
	"QQ": "10212021817105",
	"weixin": "5127142753324217",
	"type": "重点客户",
	"address": "北京市昌平区回龙观东大街03号",
	"userId": 3,
	"departmentId": 1,
	"time": 1568958805449,
	"state": 0
}, {
	"id": 81,
	"name": "客户81",
	"sex": 1,
	"email": "4272814616352727@qq.com",
	"phone": "22524552268",
	"QQ": "17261902291619",
	"weixin": "135341951426111733",
	"type": "重点客户",
	"address": "北京市昌平区回龙观东大街03号",
	"userId": 2,
	"departmentId": 1,
	"time": 1568958805449,
	"state": 0
}, {
	"id": 82,
	"name": "客户82",
	"sex": 0,
	"email": "3416213231621069@qq.com",
	"phone": "39020706609",
	"QQ": "221334830301113",
	"weixin": "33271034251816187",
	"type": "重点客户",
	"address": "北京市昌平区回龙观东大街03号",
	"userId": 2,
	"departmentId": 2,
	"time": 1568958805449,
	"state": 0
}, {
	"id": 83,
	"name": "客户83",
	"sex": 0,
	"email": "162134241910032033@qq.com",
	"phone": "53583278703",
	"QQ": "1625313421192921",
	"weixin": "153382518102526104",
	"type": "重点客户",
	"address": "北京市昌平区回龙观东大街03号",
	"userId": 3,
	"departmentId": 3,
	"time": 1568958805449,
	"state": 0
}, {
	"id": 84,
	"name": "客户84",
	"sex": 1,
	"email": "2431106292153514@qq.com",
	"phone": "12566380423",
	"QQ": "193382092426",
	"weixin": "242628262631813533",
	"type": "重点客户",
	"address": "北京市昌平区回龙观东大街03号",
	"userId": 4,
	"departmentId": 2,
	"time": 1568958805449,
	"state": 0
}, {
	"id": 85,
	"name": "客户85",
	"sex": 0,
	"email": "2123163310161024185@qq.com",
	"phone": "68059449528",
	"QQ": "1522341481831",
	"weixin": "1720102551722301326",
	"type": "重点客户",
	"address": "北京市昌平区回龙观东大街03号",
	"userId": 4,
	"departmentId": 1,
	"time": 1568958805449,
	"state": 0
}, {
	"id": 86,
	"name": "客户86",
	"sex": 0,
	"email": "288161923113212910@qq.com",
	"phone": "24757435556",
	"QQ": "11421422112932",
	"weixin": "43313716102151220",
	"type": "重点客户",
	"address": "北京市昌平区回龙观东大街03号",
	"userId": 4,
	"departmentId": 4,
	"time": 1568958805449,
	"state": 0
}, {
	"id": 87,
	"name": "客户87",
	"sex": 1,
	"email": "31961231301129923@qq.com",
	"phone": "36142854211",
	"QQ": "627311429222719",
	"weixin": "327161024182116",
	"type": "重点客户",
	"address": "北京市昌平区回龙观东大街03号",
	"userId": 4,
	"departmentId": 2,
	"time": 1568958805449,
	"state": 0
}, {
	"id": 88,
	"name": "客户88",
	"sex": 1,
	"email": "12224213002613432@qq.com",
	"phone": "11222841211",
	"QQ": "1015232114171232",
	"weixin": "2714243032304172814",
	"type": "重点客户",
	"address": "北京市昌平区回龙观东大街03号",
	"userId": 4,
	"departmentId": 3,
	"time": 1568958805449,
	"state": 0
}, {
	"id": 89,
	"name": "客户89",
	"sex": 0,
	"email": "151923030351328136@qq.com",
	"phone": "04646092573",
	"QQ": "91933517331427",
	"weixin": "2461217123129531",
	"type": "重点客户",
	"address": "北京市昌平区回龙观东大街03号",
	"userId": 3,
	"departmentId": 4,
	"time": 1568958805449,
	"state": 0
}, {
	"id": 90,
	"name": "客户90",
	"sex": 1,
	"email": "524201511176302412@qq.com",
	"phone": "34532057395",
	"QQ": "516202035192626",
	"weixin": "21304321327139113",
	"type": "重点客户",
	"address": "北京市昌平区回龙观东大街03号",
	"userId": 3,
	"departmentId": 1,
	"time": 1568958805449,
	"state": 0
}, {
	"id": 91,
	"name": "客户91",
	"sex": 0,
	"email": "539179296271313@qq.com",
	"phone": "86378660845",
	"QQ": "20562210212530",
	"weixin": "35825281124291312",
	"type": "重点客户",
	"address": "北京市昌平区回龙观东大街03号",
	"userId": 3,
	"departmentId": 3,
	"time": 1568958805449,
	"state": 0
}, {
	"id": 92,
	"name": "客户92",
	"sex": 0,
	"email": "121219111410171850@qq.com",
	"phone": "20544545773",
	"QQ": "16132318192131",
	"weixin": "153463232619113123",
	"type": "重点客户",
	"address": "北京市昌平区回龙观东大街03号",
	"userId": 2,
	"departmentId": 3,
	"time": 1568958805449,
	"state": 0
}, {
	"id": 93,
	"name": "客户93",
	"sex": 1,
	"email": "142051741530171126@qq.com",
	"phone": "27736454432",
	"QQ": "2810258722321",
	"weixin": "11723254237193130",
	"type": "重点客户",
	"address": "北京市昌平区回龙观东大街03号",
	"userId": 2,
	"departmentId": 1,
	"time": 1568958805449,
	"state": 0
}, {
	"id": 94,
	"name": "客户94",
	"sex": 1,
	"email": "96282929330192812@qq.com",
	"phone": "95128782840",
	"QQ": "125181223172125",
	"weixin": "3324633102391215",
	"type": "重点客户",
	"address": "北京市昌平区回龙观东大街03号",
	"userId": 4,
	"departmentId": 3,
	"time": 1568958805449,
	"state": 0
}, {
	"id": 95,
	"name": "客户95",
	"sex": 1,
	"email": "2813125172115323017@qq.com",
	"phone": "63576826476",
	"QQ": "10313222061522",
	"weixin": "148333372622131917",
	"type": "重点客户",
	"address": "北京市昌平区回龙观东大街03号",
	"userId": 2,
	"departmentId": 3,
	"time": 1568958805449,
	"state": 0
}, {
	"id": 96,
	"name": "客户96",
	"sex": 0,
	"email": "32222321152142230@qq.com",
	"phone": "12346211567",
	"QQ": "2426291515202812",
	"weixin": "321213621010311235",
	"type": "重点客户",
	"address": "北京市昌平区回龙观东大街03号",
	"userId": 2,
	"departmentId": 3,
	"time": 1568958805449,
	"state": 0
}, {
	"id": 97,
	"name": "客户97",
	"sex": 0,
	"email": "432233310182902017@qq.com",
	"phone": "82356260448",
	"QQ": "20112127152233",
	"weixin": "18622029293081519",
	"type": "重点客户",
	"address": "北京市昌平区回龙观东大街03号",
	"userId": 4,
	"departmentId": 1,
	"time": 1568958805449,
	"state": 0
}, {
	"id": 98,
	"name": "客户98",
	"sex": 0,
	"email": "331211152710283117@qq.com",
	"phone": "38787584053",
	"QQ": "4216102110134",
	"weixin": "3334133315291691227",
	"type": "重点客户",
	"address": "北京市昌平区回龙观东大街03号",
	"userId": 4,
	"departmentId": 4,
	"time": 1568958805449,
	"state": 0
}, {
	"id": 99,
	"name": "客户99",
	"sex": 0,
	"email": "2218144202902895@qq.com",
	"phone": "52569771828",
	"QQ": "23931423311432",
	"weixin": "162414211430041328",
	"type": "重点客户",
	"address": "北京市昌平区回龙观东大街03号",
	"userId": 3,
	"departmentId": 3,
	"time": 1568958805449,
	"state": 0
}]