[{"id":"1","name":"总裁办","desc":"公司最高组织机构层，负责公司全面运营管理7777","time":1568640222269,"state":0},{"id":4,"name":"客服部","desc":"接待 客户6666","time":1572939429299,"state":0},{"id":5,"name":"销售部","desc":"销售111","time":1595237214781,"state":0,"departmentId":"undefined"},{"id":6,"name":"运营部","desc":"运营部12345","time":1595237392309,"state":0,"departmentId":"undefined"},{"id":7,"name":"1","desc":"1212","time":1595238791761,"state":0,"departmentId":"undefined"},{"id":8,"name":"1","desc":"234","time":1595238851768,"state":0,"departmentId":"undefined"}]