[{"id":1,"name":"管理员","desc":"系统最高权限拥有者","power":"userhandle|departhandle|jobhandle|departcustomer|allcustomer|resetpassword","time":1568640222269,"state":0},{"id":"2","name":"销售部经理","desc":"销售部门最高权限拥有者","power":"departhandle|allcustomer|resetpassword","time":1568640222269,"state":0,"checkList":"departhandle,allcustomer,resetpassword"},{"id":"3","name":"销售部员工1155","desc":"销售部门基层员工111","power":"userhandle","time":1568640222269,"state":0,"checkList":"userhandle,departhandle,jobhandle"},{"id":4,"name":"产品研发部经理","desc":"产品研发部门最高权限拥有者","power":"departhandle|departcustomer","time":1568640222269,"state":0},{"id":"6","name":"后勤部经理","desc":"后勤部门最高权限拥有者333","power":"userhandle|departhandle|jobhandle|departcustomer|resetpassword","time":1568640222269,"state":0,"checkList":"userhandle,departhandle,jobhandle,departcustomer,resetpassword"},{"id":"7","name":"运营人员一","desc":"运营部人员一121212","power":"|userhandle","time":1595254620433,"state":0,"jobId":"undefined","isSelect":"userhandle","checkList":",userhandle,departhandle,allcustomer,resetpassword"}]