[{"id":"2","name":"周啸天","password":"666","sex":"0","email":"zhouxiaotian@qq.com","phone":"13041086186","departmentId":"1","jobId":"1","desc":"周老师","time":1568640222269,"state":0,"department":"总裁办","job":"1"},{"id":6,"name":"园园","password":"666","sex":"1","email":"yuanyuan@qq.com","phone":"11111111111","departmentId":"1","jobId":"1","desc":"嗨喽~~56789876543456876543","time":1568966285536,"state":0,"userId":"null"},{"id":7,"name":"admin","password":"666","sex":"0","email":"123456","phone":"2345678","departmentId":"1","jobId":"1","desc":"2345dfg","time":1572924604470,"state":0},{"id":8,"name":"珠峰培训","password":"666","sex":"0","email":"1227760869@qq.com","phone":"18233187958","departmentId":"1","jobId":"1","desc":"珠峰培训","time":1572924671924,"state":0},{"id":10,"name":"任金辉","password":"666","sex":"0","email":"1227760869@qq.com","phone":"18233187958","departmentId":"1","jobId":"1","desc":"666","time":1572941189935,"state":0},{"id":11,"name":"王小虎5","password":"666","sex":"0","email":"1234432345","phone":"23454321234543","departmentId":"1","jobId":"2","desc":"234565454fqHDSG","time":1575598931477,"state":0},{"id":"12","name":"染色让他把33","password":"8376ac810bb9f231d28fcf1f","sex":"1","email":"32435345","phone":"354234523","departmentId":"7","jobId":"1","desc":"52345ywrgsdrgsrtwetwe","time":1575600419544,"state":0,"department":"学生部","job":"学生部"},{"id":13,"name":"666","password":"8376ac810bb9f231d28fcf1f","sex":"1","email":"666","phone":"666","departmentId":"4","jobId":"4","desc":"666","time":1575606351413,"state":0},{"id":"14","name":"777","password":"8376ac810bb9f231d28fcf1f","sex":"1","email":"666","phone":"12334212344","departmentId":"4","jobId":"4","desc":"7777777777","time":1575606351413,"state":0,"department":"客服部","job":"产品研发部经理"},{"id":15,"name":"小白白","password":"8376ac810bb9f231d28fcf1f","sex":"0","email":"baibai@qq.com","phone":"12334567890","departmentId":"1","jobId":1,"desc":"白白很厉害","time":1595425968985,"state":0,"department":"shanghai","job":"kaifa","type":"","userId":"undefined"},{"id":"16","name":"23","password":"8376ac810bb9f231d28fcf1f","sex":"1","email":"23","phone":"23","departmentId":"1","jobId":"1","desc":"23","time":1595431802790,"state":0,"userId":"undefined","department":"销售部","job":"销售部经理"},{"id":"17","name":"2","password":"8376ac810bb9f231d28fcf1f","sex":"0","email":"2","phone":"2","departmentId":"7","jobId":"7","desc":"2","time":1595470078789,"state":0,"department":"运营部","job":"学生部","userId":"undefined","departmentList":"客服部","jobList":"后勤部经理"},{"id":"18","name":"1123","password":"8376ac810bb9f231d28fcf1f","sex":"1","email":"1123","phone":"1123","departmentId":"7","jobId":"7","desc":"------------------","time":1595474640678,"state":0,"department":"学生部","job":"运营人员一","userId":"undefined"},{"id":19,"name":"111","password":"8376ac810bb9f231d28fcf1f","sex":"0","email":"111","phone":"11","departmentId":"8","jobId":"7","desc":"111","time":1595767663977,"state":0,"department":"8","job":"7","userId":"undefined"}]